-- phpMyAdmin SQL Dump
-- version 4.9.0.1
-- https://www.phpmyadmin.net/
--
-- Host: 127.0.0.1
-- Generation Time: Nov 24, 2019 at 04:19 AM
-- Server version: 10.3.16-MariaDB
-- PHP Version: 7.3.8

SET SQL_MODE = "NO_AUTO_VALUE_ON_ZERO";
SET AUTOCOMMIT = 0;
START TRANSACTION;
SET time_zone = "+00:00";


/*!40101 SET @OLD_CHARACTER_SET_CLIENT=@@CHARACTER_SET_CLIENT */;
/*!40101 SET @OLD_CHARACTER_SET_RESULTS=@@CHARACTER_SET_RESULTS */;
/*!40101 SET @OLD_COLLATION_CONNECTION=@@COLLATION_CONNECTION */;
/*!40101 SET NAMES utf8mb4 */;

--
-- Database: `db_psikologi`
--

-- --------------------------------------------------------

--
-- Table structure for table `asesmen_charge`
--

CREATE TABLE `asesmen_charge` (
  `id` int(11) NOT NULL,
  `nama` varchar(40) DEFAULT NULL,
  `deskripsi` text DEFAULT NULL,
  `harga` varchar(40) DEFAULT NULL,
  `layanan_id` int(11) DEFAULT NULL,
  `created_at` timestamp NULL DEFAULT NULL,
  `updated_at` timestamp NULL DEFAULT NULL,
  `deleted_at` timestamp NULL DEFAULT NULL
) ENGINE=InnoDB DEFAULT CHARSET=latin1;

-- --------------------------------------------------------

--
-- Table structure for table `jadwal`
--

CREATE TABLE `jadwal` (
  `id` int(11) NOT NULL,
  `tanggal` date NOT NULL,
  `sesi_id` int(11) NOT NULL,
  `klien_id` int(11) DEFAULT NULL,
  `keluhan` text COLLATE utf8mb4_unicode_ci DEFAULT NULL,
  `layanan_id` int(11) DEFAULT NULL,
  `ruangan_id` int(11) DEFAULT NULL,
  `psikolog_id` int(11) DEFAULT NULL,
  `status_id` int(11) DEFAULT NULL,
  `created_at` timestamp NULL DEFAULT NULL,
  `updated_at` timestamp NULL DEFAULT NULL,
  `deleted_at` timestamp NULL DEFAULT NULL
) ENGINE=InnoDB DEFAULT CHARSET=utf8mb4 COLLATE=utf8mb4_unicode_ci;

--
-- Dumping data for table `jadwal`
--

INSERT INTO `jadwal` (`id`, `tanggal`, `sesi_id`, `klien_id`, `keluhan`, `layanan_id`, `ruangan_id`, `psikolog_id`, `status_id`, `created_at`, `updated_at`, `deleted_at`) VALUES
(7, '2019-02-07', 12, 17, 'ZZ', 14, 3, 10, 7, '2019-02-06 08:16:19', '2019-02-06 08:18:53', '2019-02-06 08:18:53'),
(9, '2019-03-19', 15, 25, 'bingung menentukan sekolah', 14, 3, 10, 10, '2019-02-06 14:49:45', '2019-03-26 04:44:25', NULL),
(12, '2019-02-17', 13, 18, 'cek', 14, 4, 10, 10, '2019-02-06 15:10:37', '2019-03-23 14:56:35', '2019-03-23 14:56:35'),
(19, '2019-03-28', 14, 17, 'perlu rekomendasi sekolah', 14, 25, 24, 10, '2019-02-09 13:28:16', '2019-04-06 06:41:22', NULL),
(21, '2019-02-15', 12, 18, 'cek anak', 19, 3, 26, 10, '2019-02-12 13:26:39', '2019-03-23 14:57:38', '2019-03-23 14:57:38'),
(23, '2019-03-12', 12, 18, 'cek postman', 14, 3, 10, 7, '2019-02-15 13:30:45', '2019-03-23 08:31:09', '2019-03-23 08:31:09'),
(105, '2019-04-02', 13, 18, 'Bingung menentukan jurusan', 14, 25, 26, 10, '2019-03-25 13:26:16', '2019-04-10 17:56:00', NULL),
(107, '2019-03-19', 13, 40, 'stres', 14, 3, 26, 10, '2019-03-25 13:28:34', '2019-03-26 05:08:08', NULL),
(109, '2019-04-12', 14, 40, 'perlu rekomendasi', 14, 27, 13, 10, '2019-03-25 13:36:21', '2019-04-18 17:28:03', NULL),
(112, '2019-03-01', 14, 18, 'rekomendasi sekolah', 14, 25, 26, 10, '2019-03-26 05:04:27', '2019-04-11 01:23:47', NULL),
(116, '2019-04-17', 12, 18, 'rekomendasi dari smp 3', 14, 3, 26, 10, '2019-03-29 15:17:22', '2019-04-18 17:28:03', NULL),
(118, '2019-04-11', 14, 18, 'rekomendasi dari sekolah', 14, 26, 26, 10, '2019-03-30 08:42:22', '2019-04-11 10:32:41', NULL),
(120, '2019-03-14', 13, 25, 'cek postman', 14, 25, 26, 10, '2019-03-30 09:05:29', '2019-03-30 09:05:29', NULL),
(121, '2019-03-13', 14, 18, 'cek', 14, 26, 3, 7, '2019-03-30 09:06:06', '2019-04-11 01:32:04', '2019-04-11 01:32:04'),
(122, '2019-03-14', 14, 17, 'hk', 14, 25, 26, 7, '2019-03-30 09:06:33', '2019-04-11 01:31:03', '2019-04-11 01:31:03'),
(124, '2019-03-14', 13, 18, 'jhok', 14, 25, 26, 7, '2019-03-30 09:09:28', '2019-04-11 01:28:44', '2019-04-11 01:28:44'),
(125, '2019-04-19', 13, 18, 'konflik pribadi', 20, 26, 27, 10, '2019-03-30 09:13:01', '2019-04-18 17:28:03', NULL),
(126, '2019-04-13', 13, 27, 'anak nangis terus', 19, 26, 28, 10, '2019-03-30 09:13:31', '2019-04-18 17:28:03', NULL),
(129, '2019-03-04', 13, 25, 'nlk', 14, 4, 26, 7, '2019-03-30 09:18:27', '2019-04-11 01:25:46', '2019-04-11 01:25:46'),
(130, '2019-03-01', 15, 17, 'nlk', 14, 26, 26, 7, '2019-03-30 09:19:00', '2019-04-11 01:26:01', '2019-04-11 01:26:01'),
(131, '2019-03-20', 14, 18, 'vs', 14, 26, 26, 7, '2019-03-30 09:22:55', '2019-04-11 01:31:29', '2019-04-11 01:31:29'),
(132, '2019-03-13', 13, 18, 'fs', 14, 26, 26, 7, '2019-03-30 09:23:37', '2019-04-11 01:30:48', '2019-04-11 01:30:48'),
(134, '2019-04-20', 12, 25, 'rekomendasi sekolah sd 1 yogyakarta', 14, 26, 26, 10, '2019-03-30 11:34:19', '2019-04-21 18:23:02', NULL),
(136, '2019-03-18', 14, 25, 'l;', 14, 27, 26, 7, '2019-03-30 11:39:10', '2019-04-11 01:30:35', '2019-04-11 01:30:35'),
(137, '2019-04-12', 12, 25, 'perlu rekomendasi', 14, 27, 1, 10, '2019-03-30 11:41:31', '2019-04-18 17:28:03', NULL),
(138, '2019-03-12', 14, 18, 'l;ml', 14, 27, 26, 7, '2019-03-30 11:42:04', '2019-04-11 01:31:15', '2019-04-11 01:31:15'),
(139, '2019-03-17', 13, 18, 'bf', 14, 26, 26, 7, '2019-03-30 11:45:48', '2019-04-11 01:22:28', '2019-04-11 01:22:28'),
(140, '2019-04-03', 14, 18, 'putus', 20, 25, 27, 10, '2019-03-30 11:46:58', '2019-04-11 01:25:16', NULL),
(141, '2019-04-01', 14, 27, 'ga berani', 19, 25, 10, 10, '2019-03-30 14:17:43', '2019-04-11 01:22:06', NULL),
(142, '2019-03-21', 15, 18, 'fk', 14, 27, 26, 10, '2019-03-30 14:34:45', '2019-04-11 01:16:37', NULL),
(143, '2019-03-16', 13, 18, 'kl', 14, 26, 26, 7, '2019-03-30 14:47:18', '2019-04-11 01:31:46', '2019-04-11 01:31:46'),
(144, '2019-03-02', 12, 18, 'habis putus', 20, 25, 34, 10, '2019-03-30 14:48:33', '2019-04-11 01:26:49', NULL),
(146, '2019-03-29', 14, 18, 'cek postman', 14, NULL, 26, 13, '2019-04-05 08:53:57', '2019-04-23 05:01:56', '2019-04-23 05:01:56'),
(148, '2019-04-08', 13, 18, 'anak kurang percaya diri', 19, 25, 28, 10, '2019-04-05 19:18:44', '2019-04-05 19:18:44', NULL),
(149, '2019-03-01', 12, 17, 'rekomendasi sekolah smp 5', 14, 25, 26, 10, '2019-04-05 19:23:43', '2019-04-11 01:18:10', NULL),
(151, '2019-04-11', 12, 17, 'konflik diri sendiri', 20, 4, 27, 10, '2019-04-10 18:26:31', '2019-04-11 10:37:37', NULL),
(152, '2019-03-29', 14, 18, 'cek postman', 14, 25, 3, 10, '2019-04-11 01:50:24', '2019-04-18 17:28:03', NULL),
(153, '2019-03-29', 14, 18, 'rekomendasi sekolah', 14, 25, 3, 13, '2019-04-11 03:41:03', '2019-04-11 03:46:52', NULL),
(156, '2019-04-17', 14, 27, 'Rekomendasi siswa', 14, 26, 26, 10, '2019-04-20 05:39:27', '2019-04-21 18:38:12', NULL),
(157, '2019-04-22', 13, 25, 'rekomendasi siswa', 14, 3, 3, 10, '2019-04-20 15:02:04', '2019-04-22 17:00:06', NULL),
(159, '2019-04-21', 13, 18, 'cek waktu', 14, 3, 3, 10, '2019-04-20 16:01:56', '2019-04-21 18:27:00', NULL),
(163, '2019-04-28', 13, 27, '0bkhlk', 16, 27, 28, 7, '2019-04-21 10:57:56', '2019-04-23 06:25:54', NULL),
(166, '2019-04-23', 13, 18, 'Bingung mnentukan jurusan', 15, 3, 14, 10, '2019-04-21 11:59:35', '2019-04-22 17:00:06', NULL),
(167, '2019-04-22', 15, 18, 'Rekomendasi sekolah smp n 8', 15, 3, 2, 10, '2019-04-21 15:26:42', '2019-04-22 17:00:06', NULL),
(168, '2019-04-22', 12, 17, 'cek', 15, 25, 14, 10, '2019-04-21 15:37:33', '2019-04-22 00:13:11', '2019-04-22 00:13:11'),
(191, '2019-05-01', 13, 18, 'konsultasi', 14, 3, 79, 13, '2019-04-21 23:46:51', '2019-04-23 01:14:30', NULL),
(192, '2019-04-24', 13, 18, 'konsultasi', 14, NULL, 79, 13, '2019-04-21 23:49:57', '2019-04-23 05:02:01', '2019-04-23 05:02:01'),
(193, '2019-04-25', 13, 18, 'konsultasi', 15, NULL, 79, 13, '2019-04-21 23:53:39', '2019-04-23 05:01:50', '2019-04-23 05:01:50'),
(194, '2019-04-24', 12, 70, 'Aaaaaaaaaaaaaaaaaaaaaaaaaaaaaaaaaaaaaaaaaaaaaaaaaaaaa', 14, NULL, 10, 12, '2019-04-21 23:54:07', '2019-04-22 00:04:08', NULL),
(195, '2019-04-30', 12, 70, 'Belum bisa menentukan minat dan bakat adek saya', 14, NULL, 10, 12, '2019-04-21 23:55:22', '2019-04-22 00:05:23', NULL),
(196, '2019-04-23', 13, 68, 'Testing final jam tujuh pagi tgl 22', 14, 25, 10, 10, '2019-04-22 00:01:25', '2019-04-22 18:15:14', NULL),
(197, '2019-04-28', 13, 18, 'Rekomendasi sekolah smp 3', 14, NULL, 10, 13, '2019-04-22 01:56:38', '2019-04-23 05:01:43', '2019-04-23 05:01:43'),
(198, '2019-04-28', 12, 68, 'Test bbbbbbbbbbbbbbbbbbbbbbbbbbbbbbb', 14, NULL, 26, 12, '2019-04-22 01:57:47', '2019-04-22 02:07:48', NULL),
(199, '2019-04-30', 14, 18, 'Rekomendasi sekolah sma n 1', 14, 26, 26, 13, '2019-04-22 02:36:19', '2019-04-23 01:09:08', NULL),
(200, '2019-04-22', 15, 68, 'Da gshdjdjdjdjjdjdjjdidie', 15, NULL, 79, 12, '2019-04-22 03:32:57', '2019-04-22 04:12:23', NULL),
(201, '2019-04-24', 12, 70, 'Aaaaaaaaaaaaaaaaaaaaaaaaaaaaaaaaaaaaaaaaaaaaaaaaaaaaa', 14, NULL, 10, 12, '2019-04-22 17:34:00', '2019-04-22 18:27:40', NULL),
(202, '2019-04-24', 12, 70, 'Aaaaaaaaaaaaaaaaaaaaaaaaaaaaaaaaaaaaaaaaaaaaaaaaaaaaa', 14, NULL, 10, 12, '2019-04-22 17:35:25', '2019-04-22 18:27:40', NULL),
(203, '2019-04-25', 13, 18, 'konsultasi', 15, 25, 79, 13, '2019-04-22 22:41:03', '2019-04-23 05:02:23', '2019-04-23 05:02:23'),
(204, '2019-04-29', 13, 18, 'Nanananananannananananana a abbs', 14, 25, 10, 13, '2019-04-23 04:59:35', '2019-04-23 07:39:36', NULL),
(205, '2019-04-24', 13, 18, 'Gdgdhdndjjdjdidirnjdjfndnndbdjdjjdbd', 14, 25, 10, 7, '2019-04-23 05:03:15', '2019-04-23 06:27:59', '2019-04-23 06:27:59'),
(206, '2019-04-25', 13, 18, 'Bshdjdjdmmdjdjdjdjsndnsndndjdjd', 14, 26, 26, 13, '2019-04-23 05:17:58', '2019-04-23 05:33:28', NULL),
(207, '2019-04-24', 13, 40, 'Test force clloseeeeeeeeeeeeee', 14, NULL, 26, 12, '2019-04-23 05:35:20', '2019-04-23 05:45:20', NULL),
(208, '2019-04-25', 12, 69, 'Test force clloseeeeeeeeeeeeee', 14, 4, 10, 7, '2019-04-23 05:45:29', '2019-04-23 06:26:46', NULL),
(209, '2019-04-28', 13, 18, 'Gehvdjdkdjdjdhdjjdkdjdndkdododnjdndkd', 14, 25, 26, 13, '2019-04-23 06:29:32', '2019-04-23 07:39:46', NULL),
(210, '2019-05-02', 13, 18, 'Hzbdndmdkdkdndhdhdndjdjfjdjf', 14, NULL, 10, 12, '2019-04-23 06:58:07', '2019-04-23 07:13:43', NULL),
(211, '2019-05-03', 13, 18, 'Jdufhdkxkfjjdkdjdjdhdhdhdhdhdhfhf', 16, 25, 28, 13, '2019-04-23 07:02:09', '2019-04-23 07:39:54', NULL),
(212, '2019-05-03', 13, 18, 'Jdufhdkxkfjjdkdjdjdhdhdhdhdhdhfhf', 16, NULL, 28, 6, '2019-04-23 07:12:20', '2019-04-23 07:12:20', NULL);

-- --------------------------------------------------------

--
-- Table structure for table `kategori_klien`
--

CREATE TABLE `kategori_klien` (
  `id` int(11) NOT NULL,
  `nama` varchar(191) COLLATE utf8mb4_unicode_ci NOT NULL,
  `deskripsi` text COLLATE utf8mb4_unicode_ci DEFAULT NULL,
  `created_at` timestamp NOT NULL DEFAULT current_timestamp() ON UPDATE current_timestamp(),
  `updated_at` timestamp NOT NULL DEFAULT '0000-00-00 00:00:00',
  `deleted_at` timestamp NULL DEFAULT NULL
) ENGINE=InnoDB DEFAULT CHARSET=utf8mb4 COLLATE=utf8mb4_unicode_ci;

--
-- Dumping data for table `kategori_klien`
--

INSERT INTO `kategori_klien` (`id`, `nama`, `deskripsi`, `created_at`, `updated_at`, `deleted_at`) VALUES
(1, 'Anak', 'Umur 0 - 12 tahun', '2019-03-27 10:19:36', '2019-03-27 10:19:36', NULL),
(2, 'Remaja', 'Umur 12 - 21 tahun', '2019-03-27 10:20:08', '2019-03-27 10:20:08', NULL),
(3, 'Dewasa', 'Umur 21 - 59 tahun', '2019-04-11 09:43:02', '2019-04-11 09:43:02', NULL),
(9, 'Lansia', 'Usia 60 tahun ke atas', '2019-04-11 09:43:21', '2019-04-11 09:43:21', NULL);

-- --------------------------------------------------------

--
-- Table structure for table `klien`
--

CREATE TABLE `klien` (
  `id` int(11) NOT NULL,
  `pendidikan_terakhir` enum('SD','SMP','SMA','D3','S1','S2','S3') COLLATE utf8mb4_unicode_ci NOT NULL,
  `anak_ke` int(11) DEFAULT NULL,
  `jumlah_saudara` int(11) DEFAULT NULL,
  `user_id` int(10) UNSIGNED DEFAULT NULL,
  `created_at` timestamp NULL DEFAULT NULL,
  `updated_at` timestamp NULL DEFAULT NULL,
  `deleted_at` timestamp NULL DEFAULT NULL,
  `kategori_id` int(11) DEFAULT NULL,
  `parent_id` int(11) DEFAULT NULL,
  `hub_pendaftar` varchar(50) COLLATE utf8mb4_unicode_ci DEFAULT NULL
) ENGINE=InnoDB DEFAULT CHARSET=utf8mb4 COLLATE=utf8mb4_unicode_ci;

--
-- Dumping data for table `klien`
--

INSERT INTO `klien` (`id`, `pendidikan_terakhir`, `anak_ke`, `jumlah_saudara`, `user_id`, `created_at`, `updated_at`, `deleted_at`, `kategori_id`, `parent_id`, `hub_pendaftar`) VALUES
(17, 'SMA', 1, 2, 79, '2019-01-27 14:49:11', '2019-04-21 13:07:14', NULL, 2, NULL, NULL),
(18, 'S2', 2, 3, 87, '2019-01-30 14:03:41', '2019-04-21 13:50:29', NULL, 3, NULL, NULL),
(19, 'S1', 2, 2, 89, '2019-02-02 10:47:36', '2019-02-05 12:28:32', '2019-02-05 12:28:32', NULL, NULL, 'anak'),
(20, 'SMA', 2, 2, 90, '2019-02-02 10:55:44', '2019-02-05 12:28:10', '2019-02-05 12:28:10', NULL, 8, 'anak'),
(21, 'SMA', 2, 2, 91, '2019-02-02 10:56:54', '2019-02-05 12:28:20', '2019-02-05 12:28:20', NULL, 8, 'anak'),
(22, 'SMP', 2, 2, 92, '2019-02-02 11:16:04', '2019-02-05 12:28:43', '2019-02-05 12:28:43', 2, 4, 'anak'),
(23, 'SD', 1, 1, 94, '2019-02-05 12:23:38', '2019-02-05 12:28:00', '2019-02-05 12:28:00', 1, 8, 'anak'),
(24, 'SMP', 1, 2, 95, '2019-02-05 13:26:37', '2019-02-06 06:13:35', '2019-02-06 06:13:35', 1, 18, 'Anak'),
(25, 'SD', 1, 2, 96, '2019-02-06 06:14:08', '2019-04-02 07:55:22', NULL, 1, 18, 'Anak'),
(26, 'SMA', 1, 1, 97, '2019-02-06 08:09:59', '2019-02-06 08:10:09', '2019-02-06 08:10:09', 2, 25, 'Anak'),
(27, 'SMP', 2, 2, 103, '2019-02-09 10:22:25', '2019-03-10 16:41:09', NULL, 1, 18, NULL),
(28, 'SD', 2, 2, 105, '2019-02-14 12:37:34', '2019-02-15 13:59:26', '2019-02-15 13:59:26', NULL, 18, NULL),
(30, 'SD', 2, 2, 108, '2019-02-14 13:00:30', '2019-02-23 10:15:47', '2019-02-23 10:15:47', NULL, 18, NULL),
(39, 'SD', 2, 3, 117, '2019-02-14 13:47:32', '2019-02-14 14:45:31', '2019-02-14 14:45:31', NULL, 18, 'Anak'),
(40, 'SD', 2, 3, 118, '2019-02-14 14:21:20', '2019-04-04 20:28:31', NULL, 1, 18, NULL),
(41, 'SMA', 1, 1, 120, '2019-02-15 13:19:58', '2019-03-01 13:07:30', '2019-03-01 13:07:30', NULL, 17, 'Saudara'),
(43, 'SD', 2, 3, 122, '2019-02-16 13:30:31', '2019-02-17 17:03:54', '2019-02-17 17:03:54', NULL, 18, NULL),
(44, 'S1', 2, 2, 123, '2019-02-16 13:31:46', '2019-02-16 13:34:55', '2019-02-16 13:34:55', 1, 18, NULL),
(45, 'SD', 2, 3, 124, '2019-02-19 09:02:35', '2019-02-19 15:33:12', '2019-02-19 15:33:12', NULL, 18, NULL),
(46, 'SD', 2, 3, 125, '2019-02-19 09:04:38', '2019-02-19 15:34:35', '2019-02-19 15:34:35', NULL, 18, 'Anak'),
(47, 'SD', 2, 3, 126, '2019-02-19 14:49:45', '2019-02-19 15:34:45', '2019-02-19 15:34:45', NULL, 18, 'Anak'),
(48, 'SD', 2, 3, 127, '2019-02-19 14:50:49', '2019-02-19 15:34:54', '2019-02-19 15:34:54', NULL, 18, 'Anak'),
(49, 'SD', 2, 3, 128, '2019-02-19 15:01:58', '2019-02-19 15:33:06', '2019-02-19 15:33:06', NULL, 18, 'Anak'),
(50, 'D3', 2, 2, 149, '2019-03-07 04:57:11', '2019-04-16 04:33:32', NULL, 3, NULL, NULL),
(51, 'SMA', 2, 2, 150, '2019-03-09 02:23:41', '2019-03-11 14:40:18', NULL, 2, NULL, NULL),
(52, 'SMA', 2, 2, 154, '2019-03-25 06:56:01', '2019-03-25 06:57:20', NULL, 2, NULL, NULL),
(53, 'D3', 4, 5, 155, '2019-03-25 07:00:38', '2019-03-25 13:09:46', '2019-03-25 13:09:46', 2, NULL, NULL),
(54, 'D3', 2, 3, 156, '2019-03-25 07:01:54', '2019-03-25 07:03:30', '2019-03-25 07:03:30', 1, 50, 'jkhjhkk'),
(55, 'D3', 4, 4, 157, '2019-03-25 07:03:18', '2019-03-25 13:10:04', '2019-03-25 13:10:04', 2, 50, 'anan'),
(56, 'D3', 2, 2, 189, '2019-04-10 12:13:03', '2019-04-10 12:17:46', '2019-04-10 12:17:46', 1, NULL, NULL),
(57, 'S3', 1, 1, 190, '2019-04-10 12:42:34', '2019-04-20 07:11:25', '2019-04-20 07:11:25', 1, 17, 'anak'),
(58, 'D3', 1, 2, 215, '2019-04-20 12:23:02', '2019-04-21 10:20:29', NULL, 3, NULL, NULL),
(59, 'SMP', 1, 2, 216, '2019-04-21 07:40:27', '2019-04-21 07:40:27', NULL, NULL, 17, 'Saudara'),
(60, 'D3', 1, 3, 217, '2019-04-21 07:57:23', '2019-04-21 08:29:52', NULL, 9, NULL, NULL),
(61, 'D3', 2, 3, 218, '2019-04-21 10:18:15', '2019-04-21 10:18:15', NULL, 3, NULL, NULL),
(62, 'D3', 3, 3, 220, '2019-04-21 11:39:23', '2019-04-21 11:46:39', NULL, 3, NULL, NULL),
(63, 'D3', 2, 3, 221, '2019-04-21 11:41:23', '2019-04-21 16:41:55', NULL, 3, 62, 'Kakak kandung'),
(64, 'S1', 2, 2, 222, '2019-04-21 11:44:50', '2019-04-21 11:44:50', NULL, NULL, 17, 'Teman Kampus'),
(65, 'S3', 5, 10, 223, '2019-04-21 11:45:48', '2019-04-21 11:46:09', '2019-04-21 11:46:09', 9, NULL, NULL),
(66, 'D3', NULL, NULL, 226, '2019-04-21 16:12:17', '2019-04-21 16:12:17', NULL, NULL, NULL, NULL),
(67, 'S1', 2, 3, 228, '2019-04-21 16:37:56', '2019-04-21 23:52:51', NULL, NULL, NULL, NULL),
(68, 'S1', 2, 3, 229, '2019-04-21 18:09:19', '2019-04-21 18:14:46', NULL, 3, NULL, NULL),
(69, 'SMA', 1, 2, 230, '2019-04-21 23:10:07', '2019-04-21 23:10:07', NULL, NULL, 18, 'Keponakan'),
(70, 'S1', 2, 2, 231, '2019-04-21 23:18:37', '2019-04-21 23:18:37', NULL, NULL, 68, 'Adik Kandung'),
(71, 'D3', 2, 2, 232, '2019-04-22 02:34:26', '2019-04-22 02:34:26', NULL, 3, NULL, NULL),
(72, 'SD', NULL, NULL, 233, '2019-11-01 16:13:25', '2019-11-01 16:13:25', NULL, NULL, NULL, NULL);

-- --------------------------------------------------------

--
-- Table structure for table `layanan`
--

CREATE TABLE `layanan` (
  `id` int(11) NOT NULL,
  `nama` varchar(255) COLLATE utf8mb4_unicode_ci NOT NULL,
  `deskripsi` text COLLATE utf8mb4_unicode_ci NOT NULL,
  `harga` int(11) NOT NULL,
  `foto` varchar(255) COLLATE utf8mb4_unicode_ci DEFAULT NULL,
  `created_at` timestamp NOT NULL DEFAULT current_timestamp() ON UPDATE current_timestamp(),
  `updated_at` timestamp NOT NULL DEFAULT current_timestamp() ON UPDATE current_timestamp(),
  `deleted_at` timestamp NULL DEFAULT NULL
) ENGINE=InnoDB DEFAULT CHARSET=utf8mb4 COLLATE=utf8mb4_unicode_ci;

--
-- Dumping data for table `layanan`
--

INSERT INTO `layanan` (`id`, `nama`, `deskripsi`, `harga`, `foto`, `created_at`, `updated_at`, `deleted_at`) VALUES
(14, 'Rekomendasi Sekolah', 'Pelayanan asesmen psikologi dan konseling bagi calon siswa SD', 300000, 'Rekomendasi Sekolah.jpeg', '2019-04-21 14:48:24', '2019-04-21 14:48:24', NULL),
(15, 'Minat Bakat Sekolah', 'Pelayanan asesmen psikologi dan konseling bagi : \r\n- Penjurusan IPA/IPS \r\n- Penjurusan Kuliah', 350000, 'Minat Bakat Sekolah.jpeg', '2019-04-21 16:35:01', '2019-04-21 16:35:01', NULL),
(16, 'Minat Bakat Kerja', 'Pelayanan asesmen psikologi dan konseling bagi pengembangan individu di dunia kerja', 350000, 'Minat Bakat Kerja.jpeg', '2019-04-21 16:35:13', '2019-04-21 16:35:13', NULL),
(19, 'Konsultasi Pribadi : Anak - anak', 'Pelayanan asesmen psikologi dan konseling bagi kasus pribadi anak-anak', 280000, 'Konsultasi Pribadi : Anak - anak.jpeg', '2019-04-21 16:35:25', '2019-04-21 16:35:25', NULL),
(20, 'Konsultasi Pribadi : Dewasa', 'Pelayanan asesmen psikologi dan konseling bagi kasus pribadi dewasa', 250000, 'Konsultasi Pribadi : Dewasa.jpeg', '2019-04-21 16:35:39', '2019-04-21 16:35:39', NULL),
(43, 'Rumah Tangga', 'Pelayanan asesmen psikologi dan konseling bagi permasalahan di dalam keluarga, seperti permasalahan dengan pasangan, berkaitan dengan kesalahpahaman, pola komunikasi, pembagian peran, intimasi, keturunan, dll.', 250000, 'Rumah Tangga.jpeg', '2019-04-21 16:35:51', '2019-04-21 16:35:51', NULL),
(49, 'cek ya', 'cek y', 70, 'layanan.jpg', '2019-04-10 17:13:19', '2019-04-10 17:13:19', '2019-04-10 17:13:19'),
(50, 'ghghg', 'cxg', 46487, '.jpeg', '2019-04-10 17:14:01', '2019-04-10 17:14:01', '2019-04-10 17:14:01'),
(51, 'bfksja', 'HDHDLKAHLK', 569284, 'layanan.jpg', '2019-04-20 03:30:28', '2019-04-20 03:30:28', '2019-04-20 03:30:28'),
(52, 'adaf', 'ssgh1454', 357, 'layanan.jpg', '2019-04-20 03:30:19', '2019-04-20 03:30:19', '2019-04-20 03:30:19'),
(53, 'Kerja', 'kerja', 70, '.jpeg', '2019-04-20 16:37:37', '2019-04-20 16:37:37', '2019-04-20 16:37:37'),
(54, '0', '0', 96, 'layanan.jpg', '2019-04-21 14:42:48', '2019-04-21 14:42:48', '2019-04-21 14:42:48'),
(55, 'pijet', 'pijet', 1000000, 'layanan.jpg', '2019-04-21 11:52:19', '2019-04-21 11:52:19', '2019-04-21 11:52:19'),
(56, '00', '00', 6, 'layanan.jpg', '2019-04-21 14:42:32', '2019-04-21 14:42:32', '2019-04-21 14:42:32'),
(57, 'nana', 'nana', 90, 'layanan.jpg', '2019-04-21 14:59:56', '2019-04-21 14:59:56', '2019-04-21 14:59:56'),
(58, 'Layanan anak', 'Melayani anak', 200000, 'Layanan anak.jpeg', '2019-04-22 02:32:19', '2019-04-22 02:32:19', NULL);

-- --------------------------------------------------------

--
-- Table structure for table `layanan_psikolog`
--

CREATE TABLE `layanan_psikolog` (
  `id` int(11) NOT NULL,
  `layanan_id` int(11) NOT NULL,
  `psikolog_id` int(11) NOT NULL
) ENGINE=InnoDB DEFAULT CHARSET=latin1;

--
-- Dumping data for table `layanan_psikolog`
--

INSERT INTO `layanan_psikolog` (`id`, `layanan_id`, `psikolog_id`) VALUES
(18, 14, 24),
(21, 15, 18),
(22, 15, 17),
(23, 14, 25),
(24, 15, 13),
(27, 14, 10),
(28, 14, 3),
(30, 15, 14),
(31, 15, 2),
(32, 15, 6),
(33, 16, 1),
(34, 16, 24),
(37, 16, 27),
(38, 16, 28),
(39, 15, 29),
(41, 20, 27),
(49, 19, 27),
(50, 19, 28),
(51, 16, 13),
(52, 14, 26),
(53, 15, 26),
(54, 15, 31),
(55, 19, 31),
(56, 16, 31),
(57, 20, 31),
(58, 20, 1),
(59, 19, 24),
(60, 16, 32),
(61, 19, 32),
(62, 16, 33),
(63, 19, 33),
(64, 19, 34),
(65, 20, 34),
(66, 19, 35),
(67, 15, 36),
(106, 20, 59),
(107, 19, 60),
(108, 20, 60),
(109, 43, 6),
(118, 43, 65),
(119, 19, 10),
(120, 20, 69),
(121, 19, 71),
(122, 16, 72),
(123, 20, 72),
(129, 15, 11),
(130, 19, 11),
(131, 20, 77),
(132, 14, 79),
(133, 15, 79);

-- --------------------------------------------------------

--
-- Table structure for table `migrations`
--

CREATE TABLE `migrations` (
  `id` int(10) UNSIGNED NOT NULL,
  `migration` varchar(191) COLLATE utf8mb4_unicode_ci NOT NULL,
  `batch` int(11) NOT NULL
) ENGINE=InnoDB DEFAULT CHARSET=utf8mb4 COLLATE=utf8mb4_unicode_ci;

--
-- Dumping data for table `migrations`
--

INSERT INTO `migrations` (`id`, `migration`, `batch`) VALUES
(1, '2014_10_12_100000_create_password_resets_table', 1),
(2, '2016_06_01_000001_create_oauth_auth_codes_table', 1),
(3, '2016_06_01_000002_create_oauth_access_tokens_table', 1),
(4, '2016_06_01_000003_create_oauth_refresh_tokens_table', 1),
(5, '2016_06_01_000004_create_oauth_clients_table', 1),
(6, '2016_06_01_000005_create_oauth_personal_access_clients_table', 1),
(7, '2018_11_07_125458_create_admin_table', 1),
(8, '2018_11_07_125458_create_daftar_orang_lain_table', 1),
(9, '2018_11_07_125458_create_jadwal_table', 1),
(10, '2018_11_07_125458_create_kategori_klien_table', 1),
(11, '2018_11_07_125458_create_keahlian_psikolog_table', 1),
(12, '2018_11_07_125458_create_klien_table', 1),
(13, '2018_11_07_125458_create_layanan_table', 1),
(14, '2018_11_07_125458_create_psikolog_table', 1),
(15, '2018_11_07_125458_create_ruangan_table', 1),
(16, '2018_11_07_125458_create_tes_table', 1),
(17, '2018_11_07_125458_create_users_table', 1),
(18, '2018_11_07_125502_add_foreign_keys_to_jadwal_table', 1),
(19, '2018_11_07_125502_add_foreign_keys_to_psikolog_table', 1),
(20, '2018_11_07_125651_add_foreign_key_to_klien_table', 1),
(21, '2019_03_19_144901_create_notifications_table', 2);

-- --------------------------------------------------------

--
-- Table structure for table `oauth_access_tokens`
--

CREATE TABLE `oauth_access_tokens` (
  `id` varchar(100) COLLATE utf8mb4_unicode_ci NOT NULL,
  `user_id` int(11) DEFAULT NULL,
  `client_id` int(11) NOT NULL,
  `name` varchar(191) COLLATE utf8mb4_unicode_ci DEFAULT NULL,
  `scopes` text COLLATE utf8mb4_unicode_ci DEFAULT NULL,
  `revoked` tinyint(1) NOT NULL,
  `created_at` timestamp NULL DEFAULT NULL,
  `updated_at` timestamp NULL DEFAULT NULL,
  `expires_at` datetime DEFAULT NULL
) ENGINE=InnoDB DEFAULT CHARSET=utf8mb4 COLLATE=utf8mb4_unicode_ci;

--
-- Dumping data for table `oauth_access_tokens`
--

INSERT INTO `oauth_access_tokens` (`id`, `user_id`, `client_id`, `name`, `scopes`, `revoked`, `created_at`, `updated_at`, `expires_at`) VALUES
('0068c26dd53d615dd38bf2bd790f2e00ebbc9fa1278b251027ddb1acf0ae7e57221c227dfe01b466', 229, 1, 'MyApp', '[]', 0, '2019-04-21 18:09:38', '2019-04-21 18:09:38', '2020-04-22 01:09:38'),
('01b59b67aa9f18a208f5117b71d3265062dd295fb9974cd7e2382bcee311f0a6e8e58c9ec6834a00', 87, 1, 'MyApp', '[]', 0, '2019-03-09 02:04:48', '2019-03-09 02:04:48', '2020-03-09 09:04:48'),
('01f94bbf4989929eaa6c76370c833f34fee38ce3e778a98919ed7c2b889d78847253d09ca8e8a25b', 1, 1, 'MyApp', '[]', 0, '2019-01-13 18:56:06', '2019-01-13 18:56:06', '2020-01-14 01:56:06'),
('039f9d354c53c64e208a4ab4771a50a138263636607f021cde1556216ce87c3a5d56c96b1c31651c', 149, 1, 'MyApp', '[]', 0, '2019-03-24 12:44:29', '2019-03-24 12:44:29', '2020-03-24 19:44:29'),
('06d21c029eb4f8a43b0e3f7b9cb0f8d72160806d1c9f43065190bc5aef4492b939b4f29a62cdf4ef', 99, 1, 'MyApp', '[]', 0, '2019-03-30 09:02:44', '2019-03-30 09:02:44', '2020-03-30 16:02:44'),
('08fcdd89fd30f5b40dcd5d1a586df2c95bcba4217a2beebdfef7a437d03ff113c5e925ec6adb8ddf', 214, 1, 'MyApp', '[]', 0, '2019-04-20 12:17:03', '2019-04-20 12:17:03', '2020-04-20 19:17:03'),
('092a35f58c3b65935d8c4b11d10094adaba016fc65aa69fe80ec22e77b2746fca06f0cd92ac6dd43', 4, 1, 'MyApp', '[]', 0, '2018-11-08 20:31:11', '2018-11-08 20:31:11', '2019-11-09 03:31:11'),
('0c6a59eadbb0f41ac3d8a3abbb1aa083475e77e882f2ec3595b904e240cd9c406620e92cb53bd4b6', 229, 1, 'MyApp', '[]', 0, '2019-04-22 12:48:59', '2019-04-22 12:48:59', '2020-04-22 19:48:59'),
('0ca0a8d8181dabfc45f36985ec6ed948c5b1d2284aa162f973155f2f688161646f98af44caaf9e2b', 1, 2, NULL, '[]', 0, '2019-01-07 21:11:33', '2019-01-07 21:11:33', '2020-01-08 04:11:33'),
('0d711165516bbebf6a1ce490969b3727e8962dd6e7ff6477fce11a2ad1f072f63023aa66245a70b6', 99, 1, 'MyApp', '[]', 0, '2019-04-20 06:47:12', '2019-04-20 06:47:12', '2020-04-20 13:47:12'),
('0ed8edfb6794e3fd198bb6aa558e139239636024e8c4d17c1188b6692e512fdf42d4e15bcf3174d4', 234, 1, 'MyApp', '[]', 0, '2019-11-11 18:31:53', '2019-11-11 18:31:53', '2020-11-12 01:31:53'),
('0edf20e7fd805ea775b0cb66e4b1816a74b5f6db92f1049e81f774e3a42d6c311dbd0bf124b284fc', 87, 1, 'MyApp', '[]', 0, '2019-04-20 17:04:34', '2019-04-20 17:04:34', '2020-04-21 00:04:34'),
('10d92446e2d6f4b4ac7a02f4f54e70aa138c77c7171033dc3bb75c27c71c61f27009efb547573ec1', 79, 1, 'MyApp', '[]', 0, '2019-11-01 16:11:32', '2019-11-01 16:11:32', '2020-11-01 23:11:32'),
('119cee14d7712f93795e12fe085aef288e3150c89b1b0c7f297b083de26b0e4e0d83889c5043ada5', 79, 1, 'MyApp', '[]', 0, '2019-04-20 14:40:17', '2019-04-20 14:40:17', '2020-04-20 21:40:17'),
('12babba4a80b19ac0a80449b20d887b402969aa27e0bdd3f9c546b4d9d5e8e00a2f15c4d0addf78d', 79, 1, 'MyApp', '[]', 0, '2019-04-21 07:09:56', '2019-04-21 07:09:56', '2020-04-21 14:09:56'),
('12d16d4ce4f4ade015c478bbe96a38bf5f22d5d7b2081c8c16c7ddf66444298e3ecf6c07a88b85da', 3, 1, 'MyApp', '[]', 0, '2018-11-09 07:10:24', '2018-11-09 07:10:24', '2019-11-09 14:10:24'),
('12e9cbba217a6cad65c042fbf6b9a77f4c8f4241a2af9ed4d76f18c4895d98290dad93493715295f', 16, 1, 'MyApp', '[]', 0, '2019-04-22 18:35:09', '2019-04-22 18:35:09', '2020-04-23 01:35:09'),
('14e35f850b8e1d03fc64b71cbfe5b41fa59caf9628ee58b63b1ec1ea4c375b0754996846e088adec', 87, 1, 'MyApp', '[]', 0, '2019-03-13 08:20:39', '2019-03-13 08:20:39', '2020-03-13 15:20:39'),
('1676457ed41fe17d1e7aafb802db1e1a08799d19dc0e51e0e3363f619676eb23e3d1cfd8aed28a25', 99, 1, 'MyApp', '[]', 0, '2019-03-09 07:35:37', '2019-03-09 07:35:37', '2020-03-09 14:35:37'),
('175e3b3e404d7cd7dc89d420191587b2cd91887961d26cb6a407309f65230453f752d640d92a6c6d', 59, 1, 'MyApp', '[]', 0, '2019-01-30 04:28:59', '2019-01-30 04:28:59', '2020-01-30 11:28:59'),
('17cd929e63c69ccefd87a2ca93e1e359ec8f3f628b6b64e025ea9110c3d535e3a9daeece2847c435', 99, 1, 'MyApp', '[]', 0, '2019-04-21 02:17:18', '2019-04-21 02:17:18', '2020-04-21 09:17:18'),
('18d22801c52fcaa9f8efb760ba84aeb1226d3deeb027b619c75cad9c1aa2c0b1102f251a905da27a', 99, 1, 'MyApp', '[]', 0, '2019-04-21 23:05:55', '2019-04-21 23:05:55', '2020-04-22 06:05:55'),
('18fc68e71cdb08f921ede3301ec319701ee6b1cfd17d4af846637f9c990fcf615a5600d75bc8a495', 150, 1, 'MyApp', '[]', 0, '2019-03-09 02:24:13', '2019-03-09 02:24:13', '2020-03-09 09:24:13'),
('1a150d3c92625ddb678c884b440428e8f4bb155b66a3365be931e242e88d50605f45b5e2fd07c315', 227, 1, 'MyApp', '[]', 0, '2019-04-21 16:20:01', '2019-04-21 16:20:01', '2020-04-21 23:20:01'),
('1a67455a2611cd3ad3f477edbcaf58b87689f7799477083a4e07f9d1146c4e90f9c819983a406af9', 1, 2, NULL, '[]', 0, '2019-01-07 21:12:30', '2019-01-07 21:12:30', '2020-01-08 04:12:30'),
('1ab0d67780b9faee549f29e4e2d7f3a8c72e336771fa033fdeeecf571c6d63af1fabf61fab1eb7f8', 99, 1, 'MyApp', '[]', 0, '2019-04-22 22:46:05', '2019-04-22 22:46:05', '2020-04-23 05:46:05'),
('201b97707d499665f8b16fb6f60167be85150c56288f0d13322b0bc75fbc3e38feb585f3a7267bd7', 214, 1, 'MyApp', '[]', 0, '2019-04-20 12:43:48', '2019-04-20 12:43:48', '2020-04-20 19:43:48'),
('208570b226d50b160f655ddde3e3dc4f0341bbcf8fc4bd852468f05a79733c1d3fdb2be17398dbb7', 149, 1, 'MyApp', '[]', 0, '2019-04-16 04:19:52', '2019-04-16 04:19:52', '2020-04-16 11:19:52'),
('24d7981da8c21b431176ec294c4d10fe87bd021a934f55df342adb6375a6b3ee44f477921d7a7183', 119, 1, 'MyApp', '[]', 0, '2019-02-14 14:23:45', '2019-02-14 14:23:45', '2020-02-14 21:23:45'),
('2834210e3ee95680fb7f4af3e62dea15e90f373ffc7d5e204b239b77294f23c4161a8338e5826b95', 99, 1, 'MyApp', '[]', 0, '2019-04-14 16:46:03', '2019-04-14 16:46:03', '2020-04-14 23:46:03'),
('2899d340a2c86a6861491b74f3b8f5d0728118e4a36873058a770ebf8af6358c4bf06914de701a31', 1, 1, 'MyApp', '[]', 0, '2019-01-07 23:03:19', '2019-01-07 23:03:19', '2020-01-08 06:03:19'),
('2c1ffec4cd54156aaf9126bb62660f9780910073a303fe6b5fd5ac66a377e5654744dd17681e51b1', 99, 1, 'MyApp', '[]', 0, '2019-02-07 05:12:39', '2019-02-07 05:12:39', '2020-02-07 12:12:39'),
('2c4cbea6cbe60475cc65761da9669bbedec1092e3bc431baec3e5bb7a5e57d8ffe1cb9c88b36f705', 229, 1, 'MyApp', '[]', 0, '2019-04-22 12:54:28', '2019-04-22 12:54:28', '2020-04-22 19:54:28'),
('2c500f9de8be47c07892addbc2e10756ccb39662ca749a1d897db745b181da07fa618e9c9447337f', 100, 1, 'MyApp', '[]', 0, '2019-02-09 13:10:14', '2019-02-09 13:10:14', '2020-02-09 20:10:14'),
('2cfc1f7b025cce94f657b43cd2e1b754d5fae82ae69b802805e7d7728c98d839a181bcf53b25439d', 215, 1, 'MyApp', '[]', 0, '2019-04-20 12:23:21', '2019-04-20 12:23:21', '2020-04-20 19:23:21'),
('2e40d0d9700b7253c8a5c0aa8d05bb2065fe713a096ce9be2d277870bef8f07faedbd4c17bbcaafd', 226, 1, 'MyApp', '[]', 0, '2019-04-21 16:12:33', '2019-04-21 16:12:33', '2020-04-21 23:12:33'),
('2fd1b296c301bdd70a2ed52c126ec7f4a615d00c7d3356a665d7d1726eb7197477ca7105d8c6244f', 99, 1, 'MyApp', '[]', 0, '2019-04-09 16:19:28', '2019-04-09 16:19:28', '2020-04-09 23:19:28'),
('310a652918d423d059df1c501d93c57fb44b6851b05aaa4dfcd425dba5ea3fcb81af0891e31146e3', 1, 1, 'MyApp', '[]', 0, '2019-01-07 21:53:45', '2019-01-07 21:53:45', '2020-01-08 04:53:45'),
('3220e1b3ff0e83f27ba8b245da8a5ba0a28c1095e361d678e3021e7eb0ae6f758c11a1a17c0ab930', 79, 1, 'MyApp', '[]', 0, '2019-04-21 05:53:33', '2019-04-21 05:53:33', '2020-04-21 12:53:33'),
('34ca0529142440e040140c9a45ba17a84dd61acab4421e04370886768663df2ff969112d9d8184e4', 1, 1, 'MyApp', '[]', 0, '2019-02-23 09:49:14', '2019-02-23 09:49:14', '2020-02-23 16:49:14'),
('36ed92d749db5ccb84f53a6ea99b4649909fa7371cbf71af29e2fbc59b8198303b752203be4613e5', 99, 1, 'MyApp', '[]', 0, '2019-04-09 16:21:24', '2019-04-09 16:21:24', '2020-04-09 23:21:24'),
('36f03ede5407c4779eb84589905d5b771fb25b6046b4a98aac52c4fc7d2155e2a6a594efea66a084', 87, 1, 'MyApp', '[]', 0, '2019-03-09 01:50:08', '2019-03-09 01:50:08', '2020-03-09 08:50:08'),
('383bfb52736047aad526c708e9ec7fdf301c2eec5889acff6ee71553cf7d9f61b7c85be1deda4dd9', 99, 1, 'MyApp', '[]', 0, '2019-03-08 14:40:15', '2019-03-08 14:40:15', '2020-03-08 21:40:15'),
('3ae8ee45a3085e4e70ffa10fb534a87850d80ca57c8cd357ca10c6694af4962132f5fd436cb5335f', 1, 1, 'MyApp', '[]', 0, '2018-12-17 18:35:21', '2018-12-17 18:35:21', '2019-12-18 01:35:21'),
('3d3819184b36f13dbf6c7d5a4c8c5fd4ae5b0c927404f5ecaedc68e23860c7beacbb4badd87e499a', 79, 1, 'MyApp', '[]', 0, '2019-11-01 16:10:27', '2019-11-01 16:10:27', '2020-11-01 23:10:27'),
('3d7c476800cdd7ae9f215bce8587e7e953207659a1943bb30f223156a50511a22d966fbdf6dd83ce', 99, 1, 'MyApp', '[]', 0, '2019-04-23 04:42:35', '2019-04-23 04:42:35', '2020-04-23 11:42:35'),
('3dbe3cf2a6c022d4c97376b095b2d003e1e6258403b54ba367df81d82c3fcfe8655b139478fc0ba5', 3, 1, 'MyApp', '[]', 0, '2018-11-10 11:09:16', '2018-11-10 11:09:16', '2019-11-10 18:09:16'),
('3f6d78d9bf60fc2f686387ab36be9ee1c8379aa5f4a1631e6526cc0e91c2a929f8b693ce95f2830a', 87, 1, 'MyApp', '[]', 0, '2019-02-20 08:41:19', '2019-02-20 08:41:19', '2020-02-20 15:41:19'),
('3fd278f99b8b4380f833ef41b18f11ce03d8cd11d02c952b973172034a85ee7ffd3e4a090d07d8d4', 59, 1, 'MyApp', '[]', 0, '2019-01-22 05:26:47', '2019-01-22 05:26:47', '2020-01-22 12:26:47'),
('408c1af9c4ef101c7f09ffd80afc032f837403d13982e9ae35a0a405e963d9f168f8aab0bad19e93', 16, 1, 'MyApp', '[]', 0, '2019-11-11 18:47:18', '2019-11-11 18:47:18', '2020-11-12 01:47:18'),
('43692c054f01fb324fe292fe83dfc3b35ed1fefcc7110c1cc105c28e0ddf31aa03938ad5b4bbb56c', 1, 2, NULL, '[]', 0, '2019-01-07 21:17:39', '2019-01-07 21:17:39', '2020-01-08 04:17:39'),
('44e37695671fdf9579b6a9f2411d12cf6d8607ca975eef9de9dda12572cde09b07e10baa2d8a1ad1', 149, 1, 'MyApp', '[]', 0, '2019-03-26 06:21:49', '2019-03-26 06:21:49', '2020-03-26 13:21:49'),
('44f38b84c36564ffffed88c4eaef5ce63cc2fb4d9da20009f45ab6238481892757e3c744d3bfbfe7', 1, 1, 'MyApp', '[]', 0, '2018-11-11 23:59:27', '2018-11-11 23:59:27', '2019-11-12 06:59:27'),
('457d9b64b4f0841d1d9d6becb129cfe094016d03e87b3d70a638246b021c0f9fbb33e66fa42e816f', 1, 2, NULL, '[]', 0, '2019-01-07 21:13:23', '2019-01-07 21:13:23', '2020-01-08 04:13:23'),
('46af491fc47b932b2c0590c758cfb9da0f2b29c6302fc92dfa30583b3ca76982b3e2e99b3239805a', 149, 1, 'MyApp', '[]', 0, '2019-04-16 03:34:05', '2019-04-16 03:34:05', '2020-04-16 10:34:05'),
('4802df566d94d8be58c5d1cc7bfe60e6d33eb0c2aa2270bcacfb23812f2fa5337b0274a8c5f68457', 99, 1, 'MyApp', '[]', 0, '2019-04-09 16:22:04', '2019-04-09 16:22:04', '2020-04-09 23:22:04'),
('496e5c4edcb5d03e215ecb8c21daa5c6c2fad1e36969212500c77cc8c0fad6fd6a7875bf55620f72', 87, 1, 'MyApp', '[]', 0, '2019-04-22 23:55:20', '2019-04-22 23:55:20', '2020-04-23 06:55:20'),
('49e919e7e038aa1d1819ee2df9b172c187f7b23b6affb1f9e03258d6623c0005ab58f5936353766a', 99, 1, 'MyApp', '[]', 0, '2019-04-16 04:52:13', '2019-04-16 04:52:13', '2020-04-16 11:52:13'),
('4a2d07ec0b708ed823264323778ca0ad56d8bc60af5543ca284dbd288c55107cdaceb9c52d53591a', 1, 1, 'MyApp', '[]', 0, '2019-01-19 05:55:30', '2019-01-19 05:55:30', '2020-01-19 12:55:30'),
('4ab848a6fd816164af0ce84aae2bbbf3e88a9d8b52979c5fb43ea3c9b525553fec2d349fc30b86fa', 87, 1, 'MyApp', '[]', 0, '2019-03-13 11:36:25', '2019-03-13 11:36:25', '2020-03-13 18:36:25'),
('4b5f1a2354da60c0720bac028487c42a7441b70f343643b32dd63ecb6484366665f2016a21cbaffd', 99, 1, 'MyApp', '[]', 0, '2019-03-13 08:26:33', '2019-03-13 08:26:33', '2020-03-13 15:26:33'),
('4b97bb79937addfc856140d4f82d0784fea022f05d4c7bb88a9a7576ab3928799e714de15080bf32', 1, 2, NULL, '[]', 0, '2018-11-08 07:13:03', '2018-11-08 07:13:03', '2019-11-08 14:13:03'),
('4dfe148a1ec9e91995d925476eefc1af4b382778ed7126c72ba3841e256b78be2760c0b2f192d8bd', 87, 1, 'MyApp', '[]', 0, '2019-03-08 16:08:44', '2019-03-08 16:08:44', '2020-03-08 23:08:44'),
('4e43fedc3abaae47cf5fcad09b019617e5efbe04f3aff51d724478a4f31f9971fb984b115ed9c114', 87, 1, 'MyApp', '[]', 0, '2019-03-22 16:56:00', '2019-03-22 16:56:00', '2020-03-22 23:56:00'),
('4ea7f4a07b13f046b9aaabb3575446a2d12dc9f2622fe8c74807166e8490abb4502d709672c853de', 99, 1, 'MyApp', '[]', 0, '2019-04-09 18:52:13', '2019-04-09 18:52:13', '2020-04-10 01:52:13'),
('4f498f8f09d6d3790b919ec621c94b721e0b4646bd871c818a1145b043fc37c669648a18d2d9ed43', 99, 1, 'MyApp', '[]', 0, '2019-03-22 13:31:47', '2019-03-22 13:31:47', '2020-03-22 20:31:47'),
('4f8ffada09e4744ae6d7a01311bbfaa1322124109d5409cb185d74b5ad680c92bb57d25c26140c50', 150, 1, 'MyApp', '[]', 0, '2019-04-20 17:10:13', '2019-04-20 17:10:13', '2020-04-21 00:10:13'),
('50e3fcb5aa9e9cf074fd7f4c39c1f6015e3e8905454efdceae03560cf33c53b74ba6612c6e00ecce', 225, 1, 'MyApp', '[]', 0, '2019-04-21 16:03:30', '2019-04-21 16:03:30', '2020-04-21 23:03:30'),
('52f46ff7b4cde2e396e06db0b5302d91ef126c777ce97d609a4e74054dd40d7c8934b53c7919c65d', 1, 1, 'MyApp', '[]', 0, '2019-01-10 00:27:02', '2019-01-10 00:27:02', '2020-01-10 07:27:02'),
('5336d410403ef748949b75c7387c8690fd453edca79ab7bf268d775802b6284a91a71298f42bc4e4', 79, 1, 'MyApp', '[]', 0, '2019-04-21 07:53:05', '2019-04-21 07:53:05', '2020-04-21 14:53:05'),
('53d8d1a772f38fdab08bf1960c9c0928f7a54c72b8c8dc23bd8538e2398a19fcc15beb486ecfb1c9', 16, 1, 'MyApp', '[]', 0, '2019-04-22 12:47:01', '2019-04-22 12:47:01', '2020-04-22 19:47:01'),
('554d9f13b2426950bd7a6dca098d028e5318696830f501a3f9ebca8888bc72cf095cfa0bb76af077', 79, 1, 'MyApp', '[]', 0, '2019-11-01 16:09:14', '2019-11-01 16:09:14', '2020-11-01 23:09:14'),
('55e0e89ad3712f104500bfb9a742765d4afb7e3e52498497f01bc1a23e0bb4b1dfdcb6116d5a611a', 87, 1, 'MyApp', '[]', 0, '2019-03-24 05:10:29', '2019-03-24 05:10:29', '2020-03-24 12:10:29'),
('56302c48747ee44022227e3d3b3663d5de1eca221ef3c1be6998fc2e868f5889960c43b7cf13dd8f', 1, 1, 'MyApp', '[]', 0, '2019-01-07 21:51:59', '2019-01-07 21:51:59', '2020-01-08 04:51:59'),
('588c14670396b3ca7af553757cc4cca1eb1de51890ec7cdb6f97faf56342920eb15f02cf5461622c', 99, 1, 'MyApp', '[]', 0, '2019-03-26 04:41:32', '2019-03-26 04:41:32', '2020-03-26 11:41:32'),
('58dd97f468a479ba0306d967784a5fd421dbc0bc64310f4a942d041e27fb0b76639d6e1bb4f4466f', 4, 1, 'MyApp', '[]', 0, '2019-04-16 04:52:53', '2019-04-16 04:52:53', '2020-04-16 11:52:53'),
('5c70b217fb5ee7511d329b2dc964458c26ef7139cc3f04fc9fc60840a3f0cb438baebe19902f60fc', 149, 1, 'MyApp', '[]', 0, '2019-04-09 18:42:09', '2019-04-09 18:42:09', '2020-04-10 01:42:09'),
('5c9d3385ec85ceda3c517a4b630d2380f69f72fc6034904fc5cddcb850e5e8a2db805ee12b98e345', 79, 1, 'MyApp', '[]', 0, '2019-04-21 07:48:00', '2019-04-21 07:48:00', '2020-04-21 14:48:00'),
('5d94bd8898343da8ac331aecfc6bd6def781944e481df58a92869eb16c352399f2f74153551c2dab', 228, 1, 'MyApp', '[]', 0, '2019-04-21 16:39:05', '2019-04-21 16:39:05', '2020-04-21 23:39:05'),
('5f4a6705e8b2afc146a72ac00a7864735f437cb6ce4cde64c6e4974e72a108d2866de2ba07c02e2c', 30, 1, 'MyApp', '[]', 0, '2019-01-15 07:06:28', '2019-01-15 07:06:28', '2020-01-15 14:06:28'),
('5f511fc001147585b559e2707b08ee2566b0fddb1b77ebde415f596b4df98599477302aa17ea5922', 87, 1, 'MyApp', '[]', 0, '2019-03-09 01:48:49', '2019-03-09 01:48:49', '2020-03-09 08:48:49'),
('5fb4d874bef8f3960080fc59dbc59bda276096898b5b4bd4a9f077f08a66b380bf8fbf887f91b991', 1, 2, NULL, '[]', 0, '2018-11-07 06:21:09', '2018-11-07 06:21:09', '2019-11-07 13:21:09'),
('5fe8cacab082eb80464fe27e788624ca0ef71f482e6d8c1e77e6a8a899099d822c98bd6b86f1a1a4', 1, 1, 'MyApp', '[]', 0, '2019-01-09 03:13:57', '2019-01-09 03:13:57', '2020-01-09 10:13:57'),
('631ddc9ac5d17019efa60558d64e2446b6017ab5982d81c1cac93501947a80619a7f0ce57cd445a5', 1, 2, NULL, '[]', 0, '2019-01-07 21:07:31', '2019-01-07 21:07:31', '2020-01-08 04:07:31'),
('6a0b109c4a1998c44f6cb2fa411140c8419d8a4597def3f3e38327a88b48c68358b63b6c148dfbf5', 99, 1, 'MyApp', '[]', 0, '2019-02-13 07:23:04', '2019-02-13 07:23:04', '2020-02-13 14:23:04'),
('6a44fe70a9ccccf287bb9b155fb3e91f54e7c31325b5dd05d34962fd37606cd67813d55eac7b1d76', 150, 1, 'MyApp', '[]', 0, '2019-04-20 17:12:18', '2019-04-20 17:12:18', '2020-04-21 00:12:18'),
('6ae03f30c4a1c6a1e2784e890f71baf96b79b94b4aba6a607e6870bbccada672f51253d23a97e24a', 1, 1, 'MyApp', '[]', 0, '2019-01-07 21:50:46', '2019-01-07 21:50:46', '2020-01-08 04:50:46'),
('6c73a0b5e3febf671ddeaf1e629cae8fc23bfb11db5c25f05ebfc4b4189618f1bddad693ad51c9ad', 99, 1, 'MyApp', '[]', 0, '2019-04-20 10:27:16', '2019-04-20 10:27:16', '2020-04-20 17:27:16'),
('6d4d9571051b49f285254f399eb1560a3fd94d2a089ad2325ab51cca936f7535409be50fed635e75', 99, 1, 'MyApp', '[]', 0, '2019-03-24 12:39:39', '2019-03-24 12:39:39', '2020-03-24 19:39:39'),
('6d5666e71434321735fb18d9f493a317cae119853baab830057394d73dc289aeed23856fba03403f', 214, 1, 'MyApp', '[]', 0, '2019-04-20 13:01:18', '2019-04-20 13:01:18', '2020-04-20 20:01:18'),
('6f7b46a2eaa5881c4f2971786408f56736415eb1563179f53622703194c94cc7dab4771cda8e3cf7', 100, 1, 'MyApp', '[]', 0, '2019-02-13 07:22:39', '2019-02-13 07:22:39', '2020-02-13 14:22:39'),
('7391bcb3fdcdf054bb3548a4c54d20a0c7488f27d668b23e976817447e56b85d33b18c44f470a32d', 233, 1, 'MyApp', '[]', 0, '2019-11-11 18:32:15', '2019-11-11 18:32:15', '2020-11-12 01:32:15'),
('7392e186cb08867a78ea3aeb59aa0ded22622f2b1468bf156ccd44a65d70afe029278bc45f3f42f2', 1, 1, 'MyApp', '[]', 0, '2019-01-14 08:17:33', '2019-01-14 08:17:33', '2020-01-14 15:17:33'),
('74c467b9fcc66dcc6127b9c448d7698b7202005d970f8d326ddfd0fe1c2c83004443839e5d108a71', 87, 1, 'MyApp', '[]', 0, '2019-04-21 10:41:05', '2019-04-21 10:41:05', '2020-04-21 17:41:05'),
('754968a03f95f2a93757c8852a34a09d730fbd28df0eb5c82fadadd4b9feea3a70cd2636e64d6ffe', 87, 1, 'MyApp', '[]', 0, '2019-03-24 05:09:45', '2019-03-24 05:09:45', '2020-03-24 12:09:45'),
('75875a3273161aa862dd74294f412fadfb393751a09103fececcc985f65661c5e8a568bb05d5eb16', 87, 1, 'MyApp', '[]', 0, '2019-03-09 01:43:26', '2019-03-09 01:43:26', '2020-03-09 08:43:26'),
('7774aaff4411240f24fa5238727292b6271713a0b793cb0aa8647e33049be5483d49b3ff8ee9439a', 20, 1, 'MyApp', '[]', 0, '2019-01-10 00:07:54', '2019-01-10 00:07:54', '2020-01-10 07:07:54'),
('79a32840e8b24e23f0bfac3a4b9a4be6c99c7f3e7f9ec7fed73862c3bfea6d8d1dd81e325debdb03', 1, 1, 'MyApp', '[]', 0, '2019-01-07 21:55:09', '2019-01-07 21:55:09', '2020-01-08 04:55:09'),
('79c91e0a3aff6c1d30d2ffd7da6d9406a8d423a8de08f3978744333f1c3c9dc167205643fb3eee3b', 149, 1, 'MyApp', '[]', 0, '2019-04-16 03:38:10', '2019-04-16 03:38:10', '2020-04-16 10:38:10'),
('7b35e6e7e4127ef855d50a772e471aeedbf2163b2e993a0bcc2ce10d0da8ada0a12e15da8df9045f', 33, 1, 'MyApp', '[]', 0, '2019-01-19 07:07:39', '2019-01-19 07:07:39', '2020-01-19 14:07:39'),
('7ba391abbec660a7d5d9172166dfe12cbe52a1e5a2b8557d215683d0f12539355a1574f609fddcbf', 87, 1, 'MyApp', '[]', 0, '2019-02-23 10:12:32', '2019-02-23 10:12:32', '2020-02-23 17:12:32'),
('7cb835229e8e3acce220b295465c448529e50df76b5290094ed06e8f4debc17d89d4d8d2f84a8e5e', 87, 1, 'MyApp', '[]', 0, '2019-02-11 09:44:14', '2019-02-11 09:44:14', '2020-02-11 16:44:14'),
('7d0186731951cb203fc252f6da793fd46f8731dd76fdf2d32d99c94ebad441aced28fb6fcc119f63', 16, 1, 'MyApp', '[]', 0, '2019-11-11 19:49:25', '2019-11-11 19:49:25', '2020-11-12 02:49:25'),
('7f660b38d54d2700df56ed5dc13bc4be6ec688a4a3e2f3f747cedc241bb27810bdefe297d76813e2', 149, 1, 'MyApp', '[]', 0, '2019-04-14 16:45:19', '2019-04-14 16:45:19', '2020-04-14 23:45:19'),
('83160485b8bc731431c698a4e551c63445e223061a71925e0775967fb8674111c88a81edda8c95e2', 100, 1, 'MyApp', '[]', 0, '2019-02-09 13:00:39', '2019-02-09 13:00:39', '2020-02-09 20:00:39'),
('8335d57396423d612f28999203a218608c24496587374100c0cf8ceb5953be565aa2cf894f1bdbac', 87, 1, 'MyApp', '[]', 1, '2019-02-23 09:49:13', '2019-02-23 09:49:13', '2020-02-23 16:49:13'),
('860cfcbfa14ba930a66cbaf000717cff940ea4f437025ee733b6781e18354b5dfcd63048f74b198f', 7, 1, 'MyApp', '[]', 0, '2018-11-10 11:06:08', '2018-11-10 11:06:08', '2019-11-10 18:06:08'),
('87bfb61c28ff948c68a4f055877e3917bcda69cadf5f6838e9379fefaa9063b6d75d485c653540be', 99, 1, 'MyApp', '[]', 0, '2019-04-22 22:46:29', '2019-04-22 22:46:29', '2020-04-23 05:46:29'),
('87d2337182dac22c570417b7dc3d86a3009987774b4bdcdb9bbdf72ddfd711744b64cf1f5c481762', 79, 1, 'MyApp', '[]', 0, '2019-11-01 16:11:12', '2019-11-01 16:11:12', '2020-11-01 23:11:12'),
('8c6290ffc1ec3d85cb18f1c4d949b3afffd8b648a26267c0eaa3071f6d3b84c5231e9bc0184a8778', 79, 1, 'MyApp', '[]', 0, '2019-04-20 16:43:05', '2019-04-20 16:43:05', '2020-04-20 23:43:05'),
('958262090ad4665fcdb4c659ea659709e9e9c257bf3eeabb316b31c83b97c3d36d5310dec88155c5', 99, 1, 'MyApp', '[]', 0, '2019-03-22 13:30:40', '2019-03-22 13:30:40', '2020-03-22 20:30:40'),
('96e4db5622c5c67cc2e51f61eeea9a6839bfc2260a34025012d79aa0b9701b3c86981ff4433b27ac', 24, 1, 'MyApp', '[]', 0, '2019-01-15 07:03:00', '2019-01-15 07:03:00', '2020-01-15 14:03:00'),
('96e7d3e3df6b3a68005eb84d340fd5c716c29e9030a9fdeaa5180e82caed426f6b37565e1d3659cb', 213, 1, 'MyApp', '[]', 0, '2019-04-20 12:02:57', '2019-04-20 12:02:57', '2020-04-20 19:02:57'),
('983e3b924a852fec4c52c666706ca0503052562d67b4d8c9edb033317a2283c2eee805d5bf971f1b', 87, 1, 'MyApp', '[]', 0, '2019-03-20 09:14:42', '2019-03-20 09:14:42', '2020-03-20 16:14:42'),
('9a6a1cd7762f7223bc4546bc2d778e1fa90e725438d2531f7acfd698f5c58e094d7c5027c50b92e1', 214, 1, 'MyApp', '[]', 0, '2019-04-20 12:18:58', '2019-04-20 12:18:58', '2020-04-20 19:18:58'),
('9c46979b4935907943dcf93d3f981904d97436281deee03eb219fb39a999131dc77422f0d24d66d4', 149, 1, 'MyApp', '[]', 0, '2019-04-09 18:41:14', '2019-04-09 18:41:14', '2020-04-10 01:41:14'),
('9dbc6d3a0f224ba6bc7c21e123012a495075594dc1cfe097565474351198fa933501b028705551d4', 3, 1, 'MyApp', '[]', 0, '2018-11-08 20:20:45', '2018-11-08 20:20:45', '2019-11-09 03:20:45'),
('a03c8189ba121a58176815c0d1c0b167696456aae908f385e97086412a6b39dcdda1d8736fdd9e5a', 3, 1, 'MyApp', '[]', 0, '2018-11-13 01:02:27', '2018-11-13 01:02:27', '2019-11-13 08:02:27'),
('a436f307f063e7d1ee12a2f62f4a9bd6ecb8da35c03a0c09b74aaab451c4bf41da2c0c3d0c4fcf44', 59, 1, 'MyApp', '[]', 0, '2019-01-22 05:25:57', '2019-01-22 05:25:57', '2020-01-22 12:25:57'),
('a4535666ffc4e75f0922eabee145a310f8533fe8da74fd6cf4f4bd206498e275aa0a2c6ba3a0cea4', 79, 1, 'MyApp', '[]', 0, '2019-04-20 07:14:27', '2019-04-20 07:14:27', '2020-04-20 14:14:27'),
('a8eb257697825a89266df0889140eaeb7fd2b982bc421037ab0fe4d016b497349b07ce9c4f86e57a', 1, 2, NULL, '[]', 0, '2019-01-07 21:10:39', '2019-01-07 21:10:39', '2020-01-08 04:10:39'),
('a8f736c2e41d4f945f0b5699997173431ac0b78f27e9ecf024352ec5c069397d6045ccffbe4614b5', 1, 1, 'MyApp', '[]', 0, '2019-01-07 21:17:58', '2019-01-07 21:17:58', '2020-01-08 04:17:58'),
('a9e4c0c6aa1b63546d8ec18908e14a02332edaa423ce589d5fd2164b1db0f878981bd3b6932de239', 228, 1, 'MyApp', '[]', 0, '2019-04-21 18:53:30', '2019-04-21 18:53:30', '2020-04-22 01:53:30'),
('aa4cc72512c3960209d227546087856933ffb2b63242f47b0b521e1995bb32d1acad7f5252e7550c', 2, 1, 'MyApp', '[]', 0, '2018-11-08 20:10:50', '2018-11-08 20:10:50', '2019-11-09 03:10:50'),
('ad893d30485b7e09122910536ab842efa212b529853976220d906ceea67a6e41baef1e992a14aee4', 99, 1, 'MyApp', '[]', 0, '2019-04-21 05:42:24', '2019-04-21 05:42:24', '2020-04-21 12:42:24'),
('ae7ebb3ea0aaa55eb3c3c95cd1164b1234a5d8bdf5c6298d1341ce6146f36bd35195a40cc7f48acd', 1, 1, 'MyApp', '[]', 0, '2019-01-07 22:01:24', '2019-01-07 22:01:24', '2020-01-08 05:01:24'),
('aea920f97feda7972d6c96a0d40792e3ad5b9f218ff7a19519ff181cfd933c47852a2cda835d5360', 87, 1, 'MyApp', '[]', 0, '2019-03-13 12:42:11', '2019-03-13 12:42:11', '2020-03-13 19:42:11'),
('aeb904648b6bc7c02cfb56f4622abc5e932d7dc70268dcedf12ffa4a1a35004d828a108307346e2f', 87, 1, 'MyApp', '[]', 0, '2019-04-22 22:48:09', '2019-04-22 22:48:09', '2020-04-23 05:48:09'),
('b0c0731091d05dc7f2ce396137e12be43d7ed65baeba1efc8167f73876c49db81a14b097355d5373', 1, 2, NULL, '[]', 0, '2019-01-07 21:13:41', '2019-01-07 21:13:41', '2020-01-08 04:13:41'),
('b207cae116265aca9b326c614d25836d8428aed8916f29b9737468ccd120df3f94840299ff182fab', 16, 1, 'MyApp', '[]', 0, '2019-04-21 15:22:30', '2019-04-21 15:22:30', '2020-04-21 22:22:30'),
('b2b8bafcd85312dce82b1fc4d9636d54c586d5958bb60a82c84e4d5057f3350712c7afe042b16ee4', 99, 1, 'MyApp', '[]', 0, '2019-02-09 10:02:22', '2019-02-09 10:02:22', '2020-02-09 17:02:22'),
('b55f1733c3c2d76a1219eda045ea3409afbb2c1a6ee3a999f4159df1f29c841a0cde65d906276062', 1, 2, NULL, '[]', 0, '2018-11-13 00:44:59', '2018-11-13 00:44:59', '2019-11-13 07:44:59'),
('b6fb2cc2debfca7d9e1eb27bff43105c2b2d86b3b061ddbefd71f11a9f607a077fc038d0e06c3087', 16, 1, 'MyApp', '[]', 0, '2019-04-22 12:44:15', '2019-04-22 12:44:15', '2020-04-22 19:44:15'),
('b735aad1b71423cd60009534995f7b7ed50bddee4fb243cef6fadf0f31409037ad2204de565c4a2e', 16, 1, 'MyApp', '[]', 0, '2019-04-22 18:30:54', '2019-04-22 18:30:54', '2020-04-23 01:30:54'),
('b7492e280305643b3fd97f87187f361df03da3b511392456398e97fffbe9bddc73f96b706a85581c', 1, 1, 'MyApp', '[]', 0, '2019-01-07 23:05:48', '2019-01-07 23:05:48', '2020-01-08 06:05:48'),
('bb21b7d0cba227bd8efc7969991d57bce08694763cf9ecc5894704a3928aa43be9af7eb0c653601e', 33, 1, 'MyApp', '[]', 0, '2019-01-19 07:50:33', '2019-01-19 07:50:33', '2020-01-19 14:50:33'),
('bb75e268b0220701f1f656be0a58d45798821fb866b498d997b123d34107759a4a0c81d6a54e1696', 87, 1, 'MyApp', '[]', 0, '2019-03-09 01:41:42', '2019-03-09 01:41:42', '2020-03-09 08:41:42'),
('be48d0242023452e2fd2259ff6c0b670bb1b5064a9308002bd39b15872487e2b2cef611af73276e8', 99, 1, 'MyApp', '[]', 0, '2019-04-03 06:29:48', '2019-04-03 06:29:48', '2020-04-03 13:29:48'),
('c6c2b043bcd01742c49ee287b0263eacce5158a07e5fe5b7368dda8761d592709ffd476d46d27912', 59, 1, 'MyApp', '[]', 0, '2019-01-22 05:25:38', '2019-01-22 05:25:38', '2020-01-22 12:25:38'),
('c8056b295bcbfe1b4dbf76ea2b5efff6b6223c1701e67ce7dc8e306d283d9c00adefc2773fcda3d5', 99, 1, 'MyApp', '[]', 0, '2019-04-16 04:15:21', '2019-04-16 04:15:21', '2020-04-16 11:15:21'),
('c90eb62198686976cbde03cc3351b7cac87e5fe7f67caa7e407b1e6dc808d0a13f09f3b2831e2fd0', 1, 1, 'MyApp', '[]', 0, '2019-01-07 21:56:50', '2019-01-07 21:56:50', '2020-01-08 04:56:50'),
('ca998faae77fd7caa4fa4e4c01c495fada59be1fd2112450cf3fc8492a7f3739518de0f65ee8dd13', 87, 1, 'MyApp', '[]', 0, '2019-04-21 15:41:23', '2019-04-21 15:41:23', '2020-04-21 22:41:23'),
('cab36dfd5cda20eceb1b12febb86d426b654ffc6fa330d783d87f2b81f0468140d27e4116d7835d5', 87, 1, 'MyApp', '[]', 0, '2019-02-09 10:21:39', '2019-02-09 10:21:39', '2020-02-09 17:21:39'),
('cacbcba928721daca56f6c0aadfa22ef8288bfe02aa08e1eef00ae90f9419545c87c2e609c0915a2', 99, 1, 'MyApp', '[]', 0, '2019-03-09 07:34:45', '2019-03-09 07:34:45', '2020-03-09 14:34:45'),
('cc4b01e88e11971c3c501ea3caa28d57e1e5e403052018a36be62a06d1cb7a61441f38320998dd87', 99, 1, 'MyApp', '[]', 0, '2019-04-21 04:18:16', '2019-04-21 04:18:16', '2020-04-21 11:18:16'),
('cd5df99798987cd6653233f298131220bddd1f600ce58139dc22f44a87ac95b5f8765ad99652137b', 7, 1, 'MyApp', '[]', 0, '2018-11-09 00:15:07', '2018-11-09 00:15:07', '2019-11-09 07:15:07'),
('cead081a3f28026ef29f5e1211d9eb199e852825df95781769fa7c8e989c5bf30413d83e3a19587a', 4, 1, 'MyApp', '[]', 0, '2019-04-16 04:41:56', '2019-04-16 04:41:56', '2020-04-16 11:41:56'),
('cf01f66562d5975a55471a6443bed402298b6f400f50cb80f507d70212668eb54926206ff4113c17', 79, 1, 'MyApp', '[]', 0, '2019-04-21 12:30:14', '2019-04-21 12:30:14', '2020-04-21 19:30:14'),
('d16fd60d72a0655e8e6bf3b6934ceb2767a9272edfd92f5b445c5b0a57ad8fecc0bdfff9a7b677f4', 100, 1, 'MyApp', '[]', 0, '2019-02-09 12:57:29', '2019-02-09 12:57:29', '2020-02-09 19:57:29'),
('d3254ee2e362b42117fc6870196a124290fb5743d30de4a769614005e012f293d23104b338abe001', 227, 1, 'MyApp', '[]', 0, '2019-04-21 16:17:27', '2019-04-21 16:17:27', '2020-04-21 23:17:27'),
('d624ab2a31849608ae53235335df4a07601aad4561cde50c6269189d23e4b9211d0cc6603a7a7be5', 233, 1, 'MyApp', '[]', 0, '2019-11-01 16:14:08', '2019-11-01 16:14:08', '2020-11-01 23:14:08'),
('d69a86d0701fe2f12bc00e73d030b8c8ce1f265859c38a2bb26012120c02939eee2f6ddaa18e0d56', 99, 1, 'MyApp', '[]', 0, '2019-04-16 04:15:47', '2019-04-16 04:15:47', '2020-04-16 11:15:47'),
('d844ec8caf1ffc8a6c61a6376866f214aa49c70300abd5270ba451c25d1304d064f1f910c72bb4dd', 1, 1, 'MyApp', '[]', 0, '2019-01-13 19:13:43', '2019-01-13 19:13:43', '2020-01-14 02:13:43'),
('d86d15e3a3fdc94d4cf25795eb8d36acf64eb2b9a8af59b8aff455e4d0dae912a95c059478fa2c0b', 87, 1, 'MyApp', '[]', 0, '2019-04-22 22:51:05', '2019-04-22 22:51:05', '2020-04-23 05:51:05'),
('d8c5ca00c408fc0e2857ef4b995965045b06d99008dd42c366e833c9a7ff7e8c5124874cdd8b41c4', 16, 1, 'MyApp', '[]', 0, '2019-04-22 18:28:38', '2019-04-22 18:28:38', '2020-04-23 01:28:38'),
('e457a12b84723f39b08d68d74503dcd156b944bccd842a9a63478da439a1eb79b092e369f621b42d', 214, 1, 'MyApp', '[]', 0, '2019-04-20 12:14:05', '2019-04-20 12:14:05', '2020-04-20 19:14:05'),
('e4889df9fefb0a18600855b0b210098ce63655aeef4a8f269ff228f6aee8ff583995609f41fa6549', 59, 1, 'MyApp', '[]', 0, '2019-02-02 08:06:45', '2019-02-02 08:06:45', '2020-02-02 15:06:45'),
('e534b4fe52820a699a5c75a3f5c13726d656929ad16308a5112c660ea0c7576f2a1c5f431821bad5', 87, 1, 'MyApp', '[]', 0, '2019-04-23 04:58:46', '2019-04-23 04:58:46', '2020-04-23 11:58:46'),
('e54add185cd251c9dc41fdd00ac86a91fed12b4c47749eddccbe2c718168af81f8745c1666f88434', 87, 1, 'MyApp', '[]', 0, '2019-03-24 05:21:14', '2019-03-24 05:21:14', '2020-03-24 12:21:14'),
('e5eaf24a5e34c63933013d351e9695d7af5758c589d1ed62f34df7a7e1a8a977cb31d52f9e9801fc', 1, 1, 'MyApp', '[]', 0, '2018-11-10 11:09:53', '2018-11-10 11:09:53', '2019-11-10 18:09:53'),
('e81d5aa48b9e30d2556aea60336dd5e2573f13d3bcaa72f9430475530f8621d822718b8dcf5b3d77', 100, 1, 'MyApp', '[]', 0, '2019-02-09 13:00:27', '2019-02-09 13:00:27', '2020-02-09 20:00:27'),
('e9329a6eb85611c8b6410eb4e9abb25edccebb4621331fd22e510f17431686b89a89b2e8d9b28b20', 87, 1, 'MyApp', '[]', 0, '2019-03-12 13:19:24', '2019-03-12 13:19:24', '2020-03-12 20:19:24'),
('ea772a45f1e484b68b2fc55e93dce0ae75f1f880ba81dc32fc48c15ddb35f691fa05d4948b651bbf', 87, 1, 'MyApp', '[]', 0, '2019-04-21 13:48:58', '2019-04-21 13:48:58', '2020-04-21 20:48:58'),
('eb49a015112afea65d48b9a3b28cc6f88ecff0f4f5dcb901bcf1e8b5adc69a4945ddb8cd1da403b6', 87, 1, 'MyApp', '[]', 0, '2019-04-21 23:04:08', '2019-04-21 23:04:08', '2020-04-22 06:04:08'),
('f219d835eb70e6d273aea757f1901a0a702f76d15859eeaddeecd47a2d95ecdd4818f34a8bad3f66', 3, 1, 'MyApp', '[]', 0, '2018-11-09 00:03:28', '2018-11-09 00:03:28', '2019-11-09 07:03:28'),
('f269ad2e295c5f02d2a03554299194d86b3640c2bd6c4a9420ff63d970e537dd7e5bc750a16fec9f', 233, 1, 'MyApp', '[]', 0, '2019-11-01 16:14:40', '2019-11-01 16:14:40', '2020-11-01 23:14:40'),
('f27dc04db71881dd198f9379af665f11a61ffc320990a2aa8c28ff10ecf4518a6c5678b49814e64c', 87, 1, 'MyApp', '[]', 0, '2019-03-09 02:25:25', '2019-03-09 02:25:25', '2020-03-09 09:25:25'),
('f523b04acf5b45eb0c2b9f06af34884cd7a632da8f4de2de99c5cb4339c59c4165e6d631e7233e22', 1, 1, 'MyApp', '[]', 0, '2018-11-13 00:42:44', '2018-11-13 00:42:44', '2019-11-13 07:42:44'),
('fa886622f4f0c7da765577a964ffedb832115742b25cf3f9f4cb7527381f76e4f54b153e5636270b', 87, 1, 'MyApp', '[]', 0, '2019-03-09 01:48:09', '2019-03-09 01:48:09', '2020-03-09 08:48:09'),
('fa92e0112aed83f088e284dfa8ae9e29bdd6a9e9d4adcda0d169caa6a16eff17aa559cda29847ed2', 79, 1, 'MyApp', '[]', 0, '2019-04-20 17:13:35', '2019-04-20 17:13:35', '2020-04-21 00:13:35'),
('fc83a2722e59591ec914cd13c7b2862b4320a6e54d04e052ab12ac7782cbed953890837f22550e1d', 87, 1, 'MyApp', '[]', 0, '2019-02-14 11:59:56', '2019-02-14 11:59:56', '2020-02-14 18:59:56'),
('ff91b42abd9f14d336e72cb15801db5b2d53d827b60b30c0385361bc22ba83e781c0e783f10651e3', 2, 1, 'MyApp', '[]', 0, '2018-11-08 20:07:05', '2018-11-08 20:07:05', '2019-11-09 03:07:05');

-- --------------------------------------------------------

--
-- Table structure for table `oauth_auth_codes`
--

CREATE TABLE `oauth_auth_codes` (
  `id` varchar(100) COLLATE utf8mb4_unicode_ci NOT NULL,
  `user_id` int(11) NOT NULL,
  `client_id` int(11) NOT NULL,
  `scopes` text COLLATE utf8mb4_unicode_ci DEFAULT NULL,
  `revoked` tinyint(1) NOT NULL,
  `expires_at` datetime DEFAULT NULL
) ENGINE=InnoDB DEFAULT CHARSET=utf8mb4 COLLATE=utf8mb4_unicode_ci;

-- --------------------------------------------------------

--
-- Table structure for table `oauth_clients`
--

CREATE TABLE `oauth_clients` (
  `id` int(10) UNSIGNED NOT NULL,
  `user_id` int(11) DEFAULT NULL,
  `name` varchar(191) COLLATE utf8mb4_unicode_ci NOT NULL,
  `secret` varchar(100) COLLATE utf8mb4_unicode_ci NOT NULL,
  `redirect` text COLLATE utf8mb4_unicode_ci NOT NULL,
  `personal_access_client` tinyint(1) NOT NULL,
  `password_client` tinyint(1) NOT NULL,
  `revoked` tinyint(1) NOT NULL,
  `created_at` timestamp NULL DEFAULT NULL,
  `updated_at` timestamp NULL DEFAULT NULL
) ENGINE=InnoDB DEFAULT CHARSET=utf8mb4 COLLATE=utf8mb4_unicode_ci;

--
-- Dumping data for table `oauth_clients`
--

INSERT INTO `oauth_clients` (`id`, `user_id`, `name`, `secret`, `redirect`, `personal_access_client`, `password_client`, `revoked`, `created_at`, `updated_at`) VALUES
(1, NULL, 'Laravel Personal Access Client', 'dxAUuHUye1dmf46m2rJMG4l0q8vUgISO3KReQ1GP', 'http://localhost', 1, 0, 0, '2018-11-07 06:16:58', '2018-11-07 06:16:58'),
(2, NULL, 'Laravel Password Grant Client', '4zEizLxHBWIobKDjDN4cEcfovKFE4wsjoLpmrMWB', 'http://localhost', 0, 1, 0, '2018-11-07 06:16:58', '2018-11-07 06:16:58');

-- --------------------------------------------------------

--
-- Table structure for table `oauth_personal_access_clients`
--

CREATE TABLE `oauth_personal_access_clients` (
  `id` int(10) UNSIGNED NOT NULL,
  `client_id` int(11) NOT NULL,
  `created_at` timestamp NULL DEFAULT NULL,
  `updated_at` timestamp NULL DEFAULT NULL
) ENGINE=InnoDB DEFAULT CHARSET=utf8mb4 COLLATE=utf8mb4_unicode_ci;

--
-- Dumping data for table `oauth_personal_access_clients`
--

INSERT INTO `oauth_personal_access_clients` (`id`, `client_id`, `created_at`, `updated_at`) VALUES
(1, 1, '2018-11-07 06:16:58', '2018-11-07 06:16:58');

-- --------------------------------------------------------

--
-- Table structure for table `oauth_refresh_tokens`
--

CREATE TABLE `oauth_refresh_tokens` (
  `id` varchar(100) COLLATE utf8mb4_unicode_ci NOT NULL,
  `access_token_id` varchar(100) COLLATE utf8mb4_unicode_ci NOT NULL,
  `revoked` tinyint(1) NOT NULL,
  `expires_at` datetime DEFAULT NULL
) ENGINE=InnoDB DEFAULT CHARSET=utf8mb4 COLLATE=utf8mb4_unicode_ci;

--
-- Dumping data for table `oauth_refresh_tokens`
--

INSERT INTO `oauth_refresh_tokens` (`id`, `access_token_id`, `revoked`, `expires_at`) VALUES
('3e14ec68e18d45afa2fd66256b871d499acfd9f610dbeefa8086035154ae99068ce95bdf86879307', '5fb4d874bef8f3960080fc59dbc59bda276096898b5b4bd4a9f077f08a66b380bf8fbf887f91b991', 0, '2019-11-07 13:21:09'),
('65649872656d0ed6dfb70bd88cf5eac17e3abb03aa93246ae2c3ad21d9ebd14a22a7be89d28e1d3e', 'a8eb257697825a89266df0889140eaeb7fd2b982bc421037ab0fe4d016b497349b07ce9c4f86e57a', 0, '2020-01-08 04:10:39'),
('8185c1e0cd2bf3982b4ce1f84383694d2b05d0ad21a95a5e72ee6899e4b6e4e7c939373e124d4f95', '1a67455a2611cd3ad3f477edbcaf58b87689f7799477083a4e07f9d1146c4e90f9c819983a406af9', 0, '2020-01-08 04:12:30'),
('b17e3bed3b7de64cfec175beb55819478b7ff70afb6f57fbd6242dde1c55bdf1a9c7ce922fb0163f', '457d9b64b4f0841d1d9d6becb129cfe094016d03e87b3d70a638246b021c0f9fbb33e66fa42e816f', 0, '2020-01-08 04:13:23'),
('c57d428502015f46cd4655fa0f1fedabcc878d27b1b7b09ceb96f57be7e33e4079129adddf1be95e', 'b55f1733c3c2d76a1219eda045ea3409afbb2c1a6ee3a999f4159df1f29c841a0cde65d906276062', 0, '2019-11-13 07:44:59'),
('cb35253c5485743e2053cf4c26f55e9a70a66f5bb4fbf5c2baee175fd88540149420a1a040185d7f', '4b97bb79937addfc856140d4f82d0784fea022f05d4c7bb88a9a7576ab3928799e714de15080bf32', 0, '2019-11-08 14:13:03'),
('cd38fdae7691affb3cb0b8c5629eb1dafa515f212cfaa5fdfbe3a40ddee1f3a00b21f8b9f89b3991', '0ca0a8d8181dabfc45f36985ec6ed948c5b1d2284aa162f973155f2f688161646f98af44caaf9e2b', 0, '2020-01-08 04:11:33'),
('d04dc9addbf2e6fce1c69f807d973382ad037b7e8c6193a1a865a8605ed57c6a23192dbad4bd3267', '43692c054f01fb324fe292fe83dfc3b35ed1fefcc7110c1cc105c28e0ddf31aa03938ad5b4bbb56c', 0, '2020-01-08 04:17:39'),
('d111b1f70ace3e87a240e2808a7cdf8d827bc111cdf284a49d28ffb7c57d2c552d885d10776d725e', '631ddc9ac5d17019efa60558d64e2446b6017ab5982d81c1cac93501947a80619a7f0ce57cd445a5', 0, '2020-01-08 04:07:31'),
('d8c1e2f1bf0c99bd5d6ecec3be8ef9ecb734603afddea1decf6493b3cb9f2d1e3502eeeffd5978ff', 'b0c0731091d05dc7f2ce396137e12be43d7ed65baeba1efc8167f73876c49db81a14b097355d5373', 0, '2020-01-08 04:13:42');

-- --------------------------------------------------------

--
-- Table structure for table `password_resets`
--

CREATE TABLE `password_resets` (
  `email` varchar(191) NOT NULL,
  `token` varchar(191) NOT NULL,
  `created_at` timestamp NOT NULL DEFAULT current_timestamp() ON UPDATE current_timestamp()
) ENGINE=InnoDB DEFAULT CHARSET=latin1;

--
-- Dumping data for table `password_resets`
--

INSERT INTO `password_resets` (`email`, `token`, `created_at`) VALUES
('madypa252@gmail.com', '$2y$10$zMEF3qji2Zex3pseHpwD6ewbOmb4bStJA4BKBrHgp3qJTVckrsKey', '2019-04-16 04:06:43');

-- --------------------------------------------------------

--
-- Table structure for table `pesan`
--

CREATE TABLE `pesan` (
  `id` int(11) NOT NULL,
  `subject` varchar(255) DEFAULT NULL,
  `pesan` text DEFAULT NULL,
  `created_at` timestamp NULL DEFAULT NULL,
  `updated_at` timestamp NULL DEFAULT NULL,
  `deleted_at` timestamp NULL DEFAULT NULL
) ENGINE=InnoDB DEFAULT CHARSET=latin1;

--
-- Dumping data for table `pesan`
--

INSERT INTO `pesan` (`id`, `subject`, `pesan`, `created_at`, `updated_at`, `deleted_at`) VALUES
(13, 'Pergantian Jadwal', 'Maaf jadwal hari senin tidak dapat dilaksanakan, akan ada pergantian jadwal', '2019-03-24 11:00:21', '2019-03-24 11:00:21', NULL),
(14, 'Pindah ruangan', 'Jadwal rabu pindah ruangan ke U 205', '2019-03-26 05:19:46', '2019-03-26 05:19:46', NULL),
(15, 'Pergantian Jadwal', 'Maaf jadwal diganti hari rabu', '2019-03-26 06:25:42', '2019-04-04 15:38:57', '2019-04-04 15:38:57'),
(39, 'pergantian jadwal', 'senin', '2019-04-11 04:47:52', '2019-04-20 16:05:08', '2019-04-20 16:05:08'),
(40, 'cek', 'ya', '2019-04-15 15:33:08', '2019-04-20 16:05:25', '2019-04-20 16:05:25'),
(41, 'Coba pesan', 'Subject', '2019-04-20 03:21:42', '2019-04-21 08:01:22', '2019-04-21 08:01:22'),
(42, 'Afika', 'Rahma', '2019-04-20 03:23:27', '2019-04-20 16:05:43', '2019-04-20 16:05:43'),
(43, 'cek', 'PESAN YA', '2019-04-20 04:03:19', '2019-04-20 16:05:21', '2019-04-20 16:05:21'),
(44, 'cobaim', 'cobaim', '2019-04-20 05:31:37', '2019-04-21 08:00:00', '2019-04-21 08:00:00'),
(45, 'Cpcp', 'Cpcp', '2019-04-20 05:40:26', '2019-04-21 08:01:18', '2019-04-21 08:01:18'),
(46, 'dian', 'dian ya', '2019-04-20 12:41:08', '2019-04-20 16:05:16', '2019-04-20 16:05:16'),
(47, 'trias', 'asha', '2019-04-21 08:00:21', '2019-04-21 08:01:14', '2019-04-21 08:01:14'),
(48, 'try', 'ya', '2019-04-21 08:08:21', '2019-04-21 08:08:49', '2019-04-21 08:08:49'),
(49, 'cek', 'cek', '2019-04-21 10:39:38', '2019-04-21 10:40:13', '2019-04-21 10:40:13'),
(50, 'cek', 'cek', '2019-04-21 10:40:01', '2019-04-21 10:40:09', '2019-04-21 10:40:09'),
(51, 'Peringatan', 'Selamat, anda mendapatkan hadiah uang tunai sebesar $9000000!', '2019-04-21 12:07:22', '2019-04-21 16:23:40', '2019-04-21 16:23:40'),
(52, 'Peringatan', 'Selamat, Anda mendapatkan jodoh!', '2019-04-21 12:08:35', '2019-04-21 16:23:44', '2019-04-21 16:23:44'),
(53, 'psi', 'psi', '2019-04-21 23:17:56', '2019-04-21 23:18:11', '2019-04-21 23:18:11'),
(54, 'swa', 'swa', '2019-04-21 23:18:25', '2019-04-21 23:18:42', '2019-04-21 23:18:42');

-- --------------------------------------------------------

--
-- Table structure for table `pesan_user`
--

CREATE TABLE `pesan_user` (
  `id` int(11) NOT NULL,
  `user_id` int(10) UNSIGNED DEFAULT NULL,
  `pesan_id` int(11) DEFAULT NULL,
  `created_at` timestamp NULL DEFAULT NULL,
  `updated_at` timestamp NULL DEFAULT NULL,
  `deleted_at` timestamp NULL DEFAULT NULL
) ENGINE=InnoDB DEFAULT CHARSET=latin1;

--
-- Dumping data for table `pesan_user`
--

INSERT INTO `pesan_user` (`id`, `user_id`, `pesan_id`, `created_at`, `updated_at`, `deleted_at`) VALUES
(10, 118, 13, NULL, NULL, NULL),
(11, 78, 13, NULL, NULL, NULL),
(12, 99, 14, NULL, NULL, NULL),
(13, 96, 15, NULL, NULL, NULL),
(146, 118, 39, NULL, NULL, NULL),
(147, 99, 40, NULL, NULL, NULL),
(148, 99, 41, NULL, NULL, NULL),
(149, 5, 41, NULL, NULL, NULL),
(150, 118, 42, NULL, NULL, NULL),
(151, 118, 43, NULL, NULL, NULL),
(152, 99, 43, NULL, NULL, NULL),
(153, 5, 43, NULL, NULL, NULL),
(154, 99, 44, NULL, NULL, NULL),
(155, 99, 45, NULL, NULL, NULL),
(156, 215, 46, NULL, NULL, NULL),
(157, 99, 47, NULL, NULL, NULL),
(158, 79, 47, NULL, NULL, NULL),
(159, 100, 48, NULL, NULL, NULL),
(160, 118, 48, NULL, NULL, NULL),
(161, 3, 48, NULL, NULL, NULL),
(162, 78, 48, NULL, NULL, NULL),
(163, 101, 48, NULL, NULL, NULL),
(164, 99, 48, NULL, NULL, NULL),
(165, 16, 48, NULL, NULL, NULL),
(166, 59, 48, NULL, NULL, NULL),
(167, 32, 48, NULL, NULL, NULL),
(168, 215, 48, NULL, NULL, NULL),
(169, 216, 48, NULL, NULL, NULL),
(170, 154, 48, NULL, NULL, NULL),
(171, 207, 48, NULL, NULL, NULL),
(172, 96, 48, NULL, NULL, NULL),
(173, 171, 48, NULL, NULL, NULL),
(174, 186, 48, NULL, NULL, NULL),
(175, 149, 48, NULL, NULL, NULL),
(176, 209, 48, NULL, NULL, NULL),
(177, 210, 48, NULL, NULL, NULL),
(178, 211, 48, NULL, NULL, NULL),
(179, 150, 48, NULL, NULL, NULL),
(180, 103, 48, NULL, NULL, NULL),
(181, 131, 48, NULL, NULL, NULL),
(182, 133, 48, NULL, NULL, NULL),
(183, 192, 48, NULL, NULL, NULL),
(184, 204, 48, NULL, NULL, NULL),
(185, 60, 48, NULL, NULL, NULL),
(186, 129, 48, NULL, NULL, NULL),
(187, 5, 48, NULL, NULL, NULL),
(188, 213, 48, NULL, NULL, NULL),
(189, 14, 48, NULL, NULL, NULL),
(190, 214, 48, NULL, NULL, NULL),
(191, 217, 48, NULL, NULL, NULL),
(192, 87, 48, NULL, NULL, NULL),
(193, 187, 48, NULL, NULL, NULL),
(194, 159, 48, NULL, NULL, NULL),
(195, 79, 48, NULL, NULL, NULL),
(196, 160, 48, NULL, NULL, NULL),
(197, 161, 48, NULL, NULL, NULL),
(198, 4, 48, NULL, NULL, NULL),
(199, 87, 49, NULL, NULL, NULL),
(200, 79, 50, NULL, NULL, NULL),
(201, 220, 51, NULL, NULL, NULL),
(202, 103, 52, NULL, NULL, NULL),
(203, 99, 53, NULL, NULL, NULL),
(204, 87, 54, NULL, NULL, NULL);

-- --------------------------------------------------------

--
-- Table structure for table `psikolog`
--

CREATE TABLE `psikolog` (
  `id` int(11) NOT NULL,
  `gelar` varchar(40) COLLATE utf8mb4_unicode_ci DEFAULT NULL,
  `no_sipp` varchar(100) COLLATE utf8mb4_unicode_ci DEFAULT NULL,
  `user_id` int(10) UNSIGNED DEFAULT NULL,
  `created_at` timestamp NULL DEFAULT NULL,
  `updated_at` timestamp NULL DEFAULT NULL,
  `deleted_at` timestamp NULL DEFAULT NULL
) ENGINE=InnoDB DEFAULT CHARSET=utf8mb4 COLLATE=utf8mb4_unicode_ci;

--
-- Dumping data for table `psikolog`
--

INSERT INTO `psikolog` (`id`, `gelar`, `no_sipp`, `user_id`, `created_at`, `updated_at`, `deleted_at`) VALUES
(1, 'M.Psi', '1110-15-2-1', 3, '2018-12-16 23:56:18', '2019-03-26 01:15:13', NULL),
(2, 'M.Psi', '1110-15-2-2', 4, '2018-12-17 00:49:12', '2019-03-10 16:51:40', NULL),
(3, 'M.Psi', '1110-15-2-3', 5, '2018-12-17 00:57:01', '2019-02-01 17:03:41', NULL),
(6, 'S.Psi', '1110-15-2-5', 14, '2018-12-17 19:33:48', '2019-11-01 18:37:00', '2019-11-01 18:37:00'),
(10, 'M.Psi', '1110-15-2-8', 16, '2019-01-01 10:13:09', '2019-11-11 18:47:09', NULL),
(11, 'M.Psi', '1110-15-2-9', 32, '2019-01-17 17:05:20', '2019-04-21 08:57:49', NULL),
(12, 'M.Psi', '1110-15-2-9', 56, '2019-01-20 10:28:39', '2019-01-20 10:29:13', '2019-01-20 10:29:13'),
(13, 'M.Psi', '1110-15-2-0', 59, '2019-01-20 16:11:15', '2019-03-10 16:46:32', NULL),
(14, 'M.Psi', '1110-15-3-7', 60, '2019-01-23 06:03:51', '2019-04-10 15:23:39', NULL),
(17, 'M.Psi', '1110-15-2-2', 66, '2019-01-26 06:24:40', '2019-02-01 16:57:43', '2019-02-01 16:57:43'),
(18, 'M.Psi', '1110-15-2-2', 68, '2019-01-26 06:36:17', '2019-01-28 10:04:07', '2019-01-28 10:04:07'),
(22, 'M.Psi', '1110-15-2-3', 75, '2019-01-26 08:21:31', '2019-02-01 17:01:01', '2019-02-01 17:01:01'),
(23, 'M.Psi', '1110-15-2-3', 77, '2019-01-26 08:23:47', '2019-02-01 17:01:12', '2019-02-01 17:01:12'),
(24, 'M.Psi', '1110-15-2-2', 78, '2019-01-26 09:09:16', '2019-03-26 01:16:30', NULL),
(25, 'M.Psi', '', 80, '2019-01-27 15:10:50', '2019-02-01 16:59:18', '2019-02-01 16:59:18'),
(26, 'M.Psi', '2019-11-0-0', 99, '2019-02-07 05:09:49', '2019-04-20 07:38:05', NULL),
(27, 'M.Psi', '1110-15-2-9', 100, '2019-02-09 07:34:44', '2019-11-01 18:36:42', '2019-11-01 18:36:42'),
(28, 'M.Psi', '1110-15-2-2', 101, '2019-02-09 07:38:50', '2019-03-10 16:45:44', NULL),
(29, 'S.Psi', '1110-15-2-0', 102, '2019-02-09 09:56:36', '2019-03-10 16:50:54', '2019-03-10 16:50:54'),
(30, 'S.Psi', '1007', 119, '2019-02-14 14:23:31', '2019-02-14 14:26:56', '2019-02-14 14:26:56'),
(31, 'Mpsi', '7534759', 158, '2019-03-25 09:08:59', '2019-03-25 09:12:26', '2019-03-25 09:12:26'),
(32, 'M.PSi', '21', 159, '2019-03-26 09:09:09', '2019-03-26 09:09:09', NULL),
(33, 'M.PSi', '2164826983', 160, '2019-03-30 16:33:03', '2019-03-30 16:33:03', NULL),
(34, 'M.PSi', '21642836', 161, '2019-03-30 16:38:16', '2019-03-30 16:38:16', NULL),
(35, 'DHKA', 'BCS', 162, '2019-03-30 16:49:16', '2019-04-10 17:26:12', '2019-04-10 17:26:12'),
(36, 'M.PSi', '218', 163, '2019-03-30 16:55:22', '2019-03-30 17:30:44', '2019-03-30 17:30:44'),
(59, 'M.PSi', '23131saa', 186, '2019-04-09 15:35:05', '2019-04-09 15:35:05', NULL),
(60, 'M.PSi', '5323555', 187, '2019-04-09 15:41:29', '2019-04-09 15:41:29', NULL),
(65, 'mpsi', '12243536536', 195, '2019-04-10 16:59:10', '2019-04-10 17:06:12', '2019-04-10 17:06:12'),
(66, 'nas', 'msa', 198, '2019-04-12 16:23:38', '2019-04-15 15:39:00', '2019-04-15 15:39:00'),
(67, 'khj;l;khjk', 'jjkhkhlk', 199, '2019-04-12 16:25:09', '2019-04-20 07:36:42', '2019-04-20 07:36:42'),
(68, 'hfdklhfdsl', 'hlkdfhsdlk', 200, '2019-04-12 16:33:13', '2019-04-20 07:33:31', '2019-04-20 07:33:31'),
(69, 'mpsi', 'bddbasdn70', 201, '2019-04-12 16:39:44', '2019-04-20 07:36:28', '2019-04-20 07:36:28'),
(70, 'mpsi', 'gkjfdkhndlk', 202, '2019-04-12 16:43:33', '2019-04-20 05:33:50', '2019-04-20 05:33:50'),
(71, 'mpsi', '6598359279', 203, '2019-04-12 17:02:24', '2019-04-20 05:34:11', '2019-04-20 05:34:11'),
(72, 'mpsi', '947509315709', 204, '2019-04-12 17:07:56', '2019-04-21 16:23:02', '2019-04-21 16:23:02'),
(75, 'M.Psi', '110-7373-7373', 213, '2019-04-20 12:02:29', '2019-04-20 12:02:29', NULL),
(76, 'M.Psi', '123-456-789', 214, '2019-04-20 12:13:44', '2019-04-20 13:03:05', NULL),
(77, 'S.Psi', '1234567890', 224, '2019-04-21 11:49:46', '2019-04-21 11:51:30', '2019-04-21 11:51:30'),
(78, 'diploma', '24', 225, '2019-04-21 16:03:14', '2019-04-21 16:03:14', NULL),
(79, 'M.Psi', '1627-18-10-10', 227, '2019-04-21 16:14:55', '2019-04-21 23:23:36', NULL);

-- --------------------------------------------------------

--
-- Table structure for table `ruangan`
--

CREATE TABLE `ruangan` (
  `id` int(11) NOT NULL,
  `nama` varchar(40) COLLATE utf8mb4_unicode_ci DEFAULT NULL,
  `deskripsi` text COLLATE utf8mb4_unicode_ci DEFAULT NULL,
  `created_at` timestamp NULL DEFAULT NULL,
  `updated_at` timestamp NULL DEFAULT NULL,
  `deleted_at` timestamp NULL DEFAULT NULL,
  `layanan_id` int(11) DEFAULT NULL
) ENGINE=InnoDB DEFAULT CHARSET=utf8mb4 COLLATE=utf8mb4_unicode_ci;

--
-- Dumping data for table `ruangan`
--

INSERT INTO `ruangan` (`id`, `nama`, `deskripsi`, `created_at`, `updated_at`, `deleted_at`, `layanan_id`) VALUES
(3, 'D-205-UKP', 'Fakultas Psikologi Gedung D UKP', '2018-12-16 09:39:38', '2019-03-27 10:46:40', NULL, NULL),
(4, 'D-206-UKP', 'Fakultas Psikologi Gedung D UKP', '2018-12-16 09:44:55', '2019-03-27 10:46:51', NULL, NULL),
(25, 'D-207 UKP', 'Fakultas Psikologi Gedung D UKP', '2019-02-18 15:14:39', '2019-03-27 10:47:07', NULL, NULL),
(26, 'D-208 UKP', 'Fakultas Psikologi Gedung D UKP', '2019-02-18 15:14:52', '2019-03-27 10:47:18', NULL, NULL),
(27, 'D-209 UKP', 'Fakultas Psikologi Gedung D UKP', '2019-03-23 09:38:21', '2019-03-27 10:48:14', NULL, NULL),
(30, 'D-210 UKP', 'Fakultas Psikologi Gedung D UKP', '2019-03-27 10:47:51', '2019-03-29 16:43:06', NULL, NULL);

-- --------------------------------------------------------

--
-- Table structure for table `sesi`
--

CREATE TABLE `sesi` (
  `id` int(11) NOT NULL,
  `nama` varchar(50) DEFAULT NULL,
  `jam` varchar(40) DEFAULT NULL,
  `layanan_id` int(11) DEFAULT NULL,
  `created_at` timestamp NULL DEFAULT current_timestamp(),
  `updated_at` timestamp NULL DEFAULT current_timestamp(),
  `deleted_at` timestamp NULL DEFAULT NULL
) ENGINE=InnoDB DEFAULT CHARSET=latin1;

--
-- Dumping data for table `sesi`
--

INSERT INTO `sesi` (`id`, `nama`, `jam`, `layanan_id`, `created_at`, `updated_at`, `deleted_at`) VALUES
(12, 'Sesi 1', '08:00 AM - 10:00 AM', NULL, '2019-01-08 16:21:59', '2019-01-08 09:21:59', NULL),
(13, 'Sesi 2', '10:00 AM - 12:00 PM', NULL, '2019-03-11 10:04:24', '2019-03-11 10:04:24', NULL),
(14, 'Sesi 3', '12:30 PM - 02:00 PM', NULL, '2019-04-21 18:35:06', '2019-04-21 18:35:06', NULL),
(15, 'Sesi 4', '02:00 PM - 04:00 PM', NULL, '2019-04-21 18:34:06', '2019-04-21 18:34:06', NULL);

-- --------------------------------------------------------

--
-- Table structure for table `status`
--

CREATE TABLE `status` (
  `id` int(11) NOT NULL,
  `nama` varchar(255) NOT NULL,
  `deskripsi` text DEFAULT NULL,
  `created_at` timestamp NULL DEFAULT NULL ON UPDATE current_timestamp(),
  `updated_at` timestamp NULL DEFAULT NULL ON UPDATE current_timestamp(),
  `deleted_at` timestamp NULL DEFAULT NULL
) ENGINE=InnoDB DEFAULT CHARSET=latin1;

--
-- Dumping data for table `status`
--

INSERT INTO `status` (`id`, `nama`, `deskripsi`, `created_at`, `updated_at`, `deleted_at`) VALUES
(5, 'Pengalihan Psikolog', 'Kondisi dimana psikolog mengalihkan permintaan klien atau menolak permintaan klien, sehingga admin dapat memilihkan psikolog', '2019-03-05 07:01:33', '2019-03-05 07:01:33', NULL),
(6, 'Menunggu Konfirmasi', 'Kondisi dimana psikolog belum konfirmasi permintaan klien', '2019-02-17 15:51:47', '2019-02-17 15:51:47', NULL),
(7, 'Terjadwal', 'Kondisi dimana konsultasi telah terjadwal', '2019-02-17 15:02:29', '2019-02-17 15:02:29', NULL),
(10, 'Selesai', 'Kondisi dimana konsultasi telah dilaksanakan', '2019-02-17 15:01:51', '2019-02-17 15:01:51', NULL),
(12, 'Konfirmasi Pengalihan Psikolog', 'Persetujuan klien ketika psikolog akan dialihkan', '2019-04-10 17:20:24', '2019-04-10 17:20:24', NULL),
(13, 'Dibatalkan', 'Ketika klien membatalkan konsultasi', '2019-04-10 17:21:36', '2019-04-10 17:21:36', NULL),
(34, 'cekYA', 'TA', '2019-04-10 17:22:15', '2019-04-10 17:22:15', '2019-04-10 17:22:15'),
(35, 'Palsu', 'Cek', '2019-04-21 18:33:36', '2019-04-21 18:33:36', '2019-04-21 18:33:36'),
(36, 'Risol mayo', 'makanan', '2019-04-21 18:33:31', '2019-04-21 18:33:31', '2019-04-21 18:33:31');

-- --------------------------------------------------------

--
-- Table structure for table `transaksi`
--

CREATE TABLE `transaksi` (
  `id` int(11) NOT NULL,
  `biaya_registrasi` varchar(40) DEFAULT NULL,
  `foto` varchar(255) DEFAULT NULL,
  `jadwal_id` int(11) DEFAULT NULL,
  `created_at` timestamp NULL DEFAULT NULL,
  `updated_at` timestamp NULL DEFAULT NULL,
  `deleted_at` timestamp NULL DEFAULT NULL
) ENGINE=InnoDB DEFAULT CHARSET=latin1;

-- --------------------------------------------------------

--
-- Table structure for table `transaksi_asesmen`
--

CREATE TABLE `transaksi_asesmen` (
  `id` int(11) NOT NULL,
  `transaksi_id` int(11) DEFAULT NULL,
  `asesmen_id` int(11) DEFAULT NULL,
  `created_at` timestamp NULL DEFAULT NULL,
  `updated_at` timestamp NULL DEFAULT NULL,
  `deleted_at` timestamp NULL DEFAULT NULL
) ENGINE=InnoDB DEFAULT CHARSET=latin1;

-- --------------------------------------------------------

--
-- Table structure for table `users`
--

CREATE TABLE `users` (
  `id` int(10) UNSIGNED NOT NULL,
  `name` varchar(191) COLLATE utf8mb4_unicode_ci NOT NULL,
  `email` varchar(191) COLLATE utf8mb4_unicode_ci DEFAULT NULL,
  `email_verified_at` datetime DEFAULT NULL,
  `password` varchar(191) COLLATE utf8mb4_unicode_ci NOT NULL,
  `remember_token` varchar(100) COLLATE utf8mb4_unicode_ci DEFAULT NULL,
  `level` varchar(191) COLLATE utf8mb4_unicode_ci DEFAULT NULL,
  `username` varchar(191) COLLATE utf8mb4_unicode_ci DEFAULT NULL,
  `nik` char(20) COLLATE utf8mb4_unicode_ci DEFAULT NULL,
  `tanggal_lahir` date DEFAULT NULL,
  `jenis_kelamin` enum('Laki-laki','Perempuan','','') COLLATE utf8mb4_unicode_ci DEFAULT NULL,
  `alamat` text COLLATE utf8mb4_unicode_ci DEFAULT NULL,
  `no_telepon` varchar(40) COLLATE utf8mb4_unicode_ci DEFAULT NULL,
  `foto` varchar(191) COLLATE utf8mb4_unicode_ci DEFAULT NULL,
  `isActive` enum('Aktif','Tidak Aktif','') COLLATE utf8mb4_unicode_ci DEFAULT NULL,
  `fcm_token` varchar(255) COLLATE utf8mb4_unicode_ci DEFAULT NULL,
  `status` enum('Approved','Not Approved') COLLATE utf8mb4_unicode_ci DEFAULT NULL,
  `created_at` timestamp NULL DEFAULT NULL,
  `updated_at` timestamp NULL DEFAULT NULL,
  `deleted_at` timestamp NULL DEFAULT NULL
) ENGINE=InnoDB DEFAULT CHARSET=utf8mb4 COLLATE=utf8mb4_unicode_ci;

--
-- Dumping data for table `users`
--

INSERT INTO `users` (`id`, `name`, `email`, `email_verified_at`, `password`, `remember_token`, `level`, `username`, `nik`, `tanggal_lahir`, `jenis_kelamin`, `alamat`, `no_telepon`, `foto`, `isActive`, `fcm_token`, `status`, `created_at`, `updated_at`, `deleted_at`) VALUES
(1, 'Prihar Reformasi K', 'refoningrum12@gmail.com', NULL, '$2y$10$fCmHYAK2onqa4Foh6.YRO.bUhsPrk4lRfQSJkKCvunrHMVpY.5w6q', '3x8bqbpeKMl5AdknBpPCmUoMgH1bB0Zk4drcba3rq5pJKlPwSwhNtd4OFKtr', 'Super Admin', 'priharreformasi', '330610678909001', '1995-10-11', 'Perempuan', 'Yogyakarta', '082897656889', '', NULL, NULL, '', '2018-11-07 06:05:21', '2019-04-20 05:28:53', NULL),
(3, 'Ajeng Raviandi', 'ajeng@gmail.com', NULL, '$2y$10$xgEnzapCvj3Z8Tnk19WnauZub7bRzTigbCbWYsupKgQCmTiN4VDE6', NULL, 'Psikolog', 'ajeng123', '3306106407960001', '1996-04-09', 'Perempuan', 'Yogyakarta', '089876787665', '3306106407960001.jpg', 'Tidak Aktif', NULL, 'Approved', '2018-12-16 23:56:17', '2019-04-22 02:35:06', NULL),
(4, 'Widyaningrum', 'widya@gmail.com', NULL, '$2y$10$TCEwuRXgGv39OJiy9sEsmeILHqVpcMmsN2zVlglae3C21piWaWwXW', NULL, 'Psikolog', 'widya123', '3306106407960000', '1995-06-03', 'Perempuan', 'Yogyakarta', '08778987808', '3306106407960000.jpg', 'Aktif', 'eUpGmr0VNn4:APA91bH-c1F8V260FmkmSDuOeqNnNoxiySZcST4sZxwKl8Xxc4QCYrabXPUVHHRirbJVFq95S3sKDMMD0eWRJUrQEyyxGhOPFr-Ed_5B4MXCg0OCosfsWY0rul7ioT6MuarkpvlyE-_8', 'Approved', '2018-12-17 00:49:12', '2019-04-16 04:43:29', NULL),
(5, 'Rose Mini', 'rose123@gmail.com', NULL, '$2y$10$ZJJa5U75j/XF8XXVjgzAeupr7YSkql6byk5fKynfUvNaXZUZJMMk6', NULL, 'Psikolog', 'rose1234', '3306106407960008', '1991-11-09', 'Perempuan', 'Yogyakarta', '089098890776', '3306106407960008.jpg', 'Aktif', 'dkIymXM1D-I:APA91bEwx9js1qi1C5D2KyrDxRcBSIpl2sZOgkR1cZLovNeC2CQ_6z2jtl6aY-4rjO8dAfZqiE_oCUUegOfq4x9nqsfnyv_UWy9CkBu7GgAuf4O0utzxJ2PVylZz2-HSKGPji7nA7yLs', 'Approved', '2018-12-17 00:57:01', '2019-03-27 14:03:59', NULL),
(9, 'Herfiza', 'fiza@gmail.com', NULL, 'fiza123', NULL, 'Klien', 'fiza123', '330610640796111', '2018-12-24', 'Perempuan', 'Yogyakarta', '089898798767', '330610640796111.jpg', NULL, NULL, '', '2018-12-17 03:26:07', '2019-01-21 16:45:48', '2019-01-21 16:45:48'),
(10, 'Tara Adhisti', 'taraa@gmail.com', NULL, 'tara123', NULL, NULL, 'tara123', '3306106407960004', '2018-10-10', 'Perempuan', 'Yogyakarta', '089898989888', '3306106407960004.jpg', NULL, NULL, '', '2018-12-17 05:38:32', '2018-12-17 05:38:32', NULL),
(14, 'Shafira', 'shafira@gmail.com', NULL, 'sha123', NULL, 'Psikolog', 'sha123', '3306106407960124', '1998-10-01', 'Perempuan', 'Yogyakarta', '08978987678', '3306106407960124.png', 'Aktif', NULL, 'Approved', '2018-12-17 19:33:47', '2019-11-01 18:37:00', '2019-11-01 18:37:00'),
(16, 'Ardilla Saputra', 'ardilla@gmail.com', NULL, '$2y$10$L.O8Wm.cI4szcr9UE.NqVOU9BQZGG78mf.B5qIfANwaLjod.QEqTK', NULL, 'Psikolog', 'ardilla', '3306106707960006', '1978-04-22', 'Laki-laki', 'Yogyakarta', '089999787888', '5381555957693.jpg', 'Aktif', 'eo9Ia7tLUTI:APA91bHFH99_dHM2kl-ANkU93zwJo6I_fDj7D-7_TofnodxSmI3RjUaKdU3YES67nAzbMObfbhtVEnUXHltAHoilZzP54IVLeeLSdolQUGxlmaYWFkB-pK8gSEhsmJn14CmS_YwOaoJD', 'Approved', '2019-01-01 10:13:09', '2019-11-11 18:47:09', NULL),
(17, 'Danial  Arza', 'danial@gmail.com', NULL, '$2y$10$WLdqZldBLHAOL5u5jnVK5O6Qcut3QNCPI3plA8jZ42rIFTKFqvTs6', NULL, 'Klien', 'danial123', '3306176407960008', '1995-01-21', 'Laki-laki', 'Yogyakarta', '089789876889', '3306176407960008.png', NULL, NULL, '', '2019-01-01 10:34:18', '2019-01-21 16:45:38', '2019-01-21 16:45:38'),
(18, 'Adita Rahma', 'admin@gmail.com', NULL, '$2y$10$qR/TVxNWaThiQLwQlkOJFuzxzNfMEYcQ3KxOVJcULRsauX7Z5Vq4O', 'IddgjtLZdrcqCp9XG0ZdIKAJ1aBzmlBcSH3Ao3OIM3wWWQC870CG9DEbxYGN', 'Admin', 'admin123', '3378106407960001', '1998-06-12', 'Perempuan', 'Sleman, Yogyakarta', '089898999998', '3378106407960001.png', NULL, NULL, '', '2019-01-04 07:01:13', '2019-04-21 10:59:10', NULL),
(19, 'Admin2', 'admin2@gmail.com', NULL, '$2y$10$YBt.TZnfDss6DBQ.tdKGKezJ9Yu97xblIt849vcgbrd2Hx9oHMKt6', NULL, 'Admin', 'admin2123', '3396106407960001', '1998-01-23', 'Laki-laki', 'Yogyakarta', '089789876787', '3396106407960001.png', NULL, NULL, '', '2019-01-04 07:24:05', '2019-01-20 10:37:35', '2019-01-20 10:37:35'),
(23, 'Ningrum', 'ningrum122@gmail.com', NULL, '$2y$10$IZ4rPYy08RJCNCwHxApOmOjEAxBDcNJblWWXV0S6SWDKPZzWxX8g6', NULL, 'Klien', 'ningrum122', '3306106407789001', '1996-01-25', 'Perempuan', 'Yogyakarta', '08978687977', '3306106407789001.jpg', NULL, NULL, '', '2019-01-10 13:03:40', '2019-02-05 13:22:23', '2019-02-05 13:22:23'),
(31, 'Vania Larisa', 'vania@gmail.com', NULL, '$2y$10$uf0/BGBSKLsPvdgvImkAl.yOwc7HvepXxPzULakPB7MjJitRz.xzy', NULL, 'Klien', 'vania123', '330610640798059', '2019-01-22', 'Perempuan', 'Yogyakarta', '08978987899', '3306106407960077.jpg', NULL, NULL, '', '2019-01-15 16:07:53', '2019-02-05 13:22:48', '2019-02-05 13:22:48'),
(32, 'Dera Ananda', 'deraananda@gmail.com', NULL, '$2y$10$zGoWgPgdOXmUpL483ZghpO4L9BNQ1tgnYcviZ3OAOOBeYb2LoffXK', NULL, 'Psikolog', 'dera123', '3306156407960001', '1996-01-18', 'Perempuan', 'Yogyakarta', '08976898908', '3306156407960001.jpg', 'Aktif', NULL, 'Approved', '2019-01-17 17:05:20', '2019-04-21 08:57:49', NULL),
(33, 'Andika Fadhil', 'andikaf@gmail.com', NULL, '$2y$10$sMrmEzFradqBvU6kUmkRReBUQfdaBrbduk6.25ddSxdUaR3ua4AHe', NULL, 'Klien', 'andika123', '3306906407960001', '1995-01-23', 'Laki-laki', 'Yogyakarta', '08972873888', '3306906407960001.png', NULL, NULL, '', '2019-01-18 15:03:42', '2019-02-05 13:22:32', '2019-02-05 13:22:32'),
(52, 'vita', 'vita90@gmail.com', NULL, '$2y$10$OYj02ZsvwUG77h7.bZ3n7uqgIFLgZlw/CQNN5qyLZS.GXBHXMv/Eq', NULL, 'Klien', 'vita12590', NULL, NULL, NULL, NULL, '0897655689', NULL, NULL, NULL, '', '2019-01-19 08:38:04', '2019-01-21 16:37:27', '2019-01-21 16:37:27'),
(56, 'Vika ratna', 'vikar@gmail.com', NULL, '$2y$10$c5oo3Wy96wA7ZGy7z8bAN.mMt/NEC7XixJPI20PfYSePojmUmTt3y', NULL, 'Psikolog', 'vika123', '3316106407960000', '1995-01-18', 'Perempuan', 'Yogyakarta', '0898008990', '3316106407960000.jpg', 'Aktif', NULL, 'Approved', '2019-01-20 10:28:39', '2019-01-20 10:29:13', '2019-01-20 10:29:13'),
(57, 'Riska Candra', 'admin34@gmail.com', NULL, '$2y$10$g9/l99qxjOLRQeFoHsX2RuIjRkRHHBzDpjPL2XQt7H0Th9IvzVrn2', 'YIhMnqx2URzMCHBZcZorD3KkbxYHNJTjnn0Qute1Xkfq6PtSCBFDXAg3S2tH', 'Admin', 'admin31234', '3316106407960001', '2019-01-25', 'Perempuan', 'Yogyakarta', '082890989909', '3316106407960001.jpg', NULL, NULL, '', '2019-01-20 16:00:45', '2019-03-18 12:06:06', '2019-03-18 12:06:06'),
(58, 'Admin4', 'admin4@gmail.com', NULL, '$2y$10$5gVkjKbCfnpRVVgeFFWigeNH1I/UYoHQwiWydAgc9kbrSFXgdnI5i', NULL, 'Admin', 'admin4123', '3306106407960077', '2019-01-10', 'Perempuan', 'Yogyakarta', '08989877723', '3306106407960077.jpg', NULL, NULL, '', '2019-01-20 16:04:09', '2019-01-20 16:05:41', '2019-01-20 16:05:41'),
(59, 'Darin Satria', 'darin@gmail.com', NULL, '$2y$10$PYliMOLq7zCTzBe7af3ur.izd3PRceubF4KGPIu/VIi231h4NiBi6', NULL, 'Psikolog', 'darin123', '330610640796088', '2019-01-11', 'Laki-laki', 'Kutoarjo', '087790909809', '330610640796088.png', 'Tidak Aktif', NULL, '', '2019-01-20 16:11:14', '2019-04-06 08:40:18', NULL),
(60, 'Renata Putri', 'rafika@gmail.com', NULL, '$2y$10$lXUjrtvlQ7ZlhBbDLBw7uen/lcLOD9gGFNiOYt1eFLSYrSDah1t.C', NULL, 'Psikolog', 'rafika123', '332610796007099', '1998-08-18', 'Perempuan', 'Yogyakarta', '0897989798450', '332610796000099.jpg', 'Aktif', NULL, 'Approved', '2019-01-23 06:03:51', '2019-04-10 15:23:39', NULL),
(61, 'Ningrum', 'priharreformasi12@gmail.com', NULL, '$2y$10$7UZPX2HRfH88w/a.JW9HDOGmUhIEdd8iWleB5ny/4GFmOSw5k6/UK', 'hdHOmIk5B8RDjrO1wJVIVIY8tu3D0XfnVue0VlDVwFIr0jaotlGh456HVqRb', 'Admin', 'Ningrum123', '3226106407960001', '1998-01-10', 'Perempuan', 'Purworejo', '08989898988', '3226106407960001.jpg', NULL, NULL, '', '2019-01-24 14:54:00', '2019-02-19 15:30:48', '2019-02-19 15:30:48'),
(66, 'Lay', 'la@gmail.com', NULL, '$2y$10$DfXWH1yLXZEOXnpiLlLRtOmFywvzk.acDzSwKCdNXQ.cvVh./4Auq', NULL, 'Psikolog', 'la1234', '33061064079689', '2019-01-10', 'Perempuan', 'cek', '089', '33061064079689.png', NULL, NULL, '', '2019-01-26 06:24:40', '2019-02-01 16:57:43', '2019-02-01 16:57:43'),
(68, 'Lay', 'la1234@gmail.com', NULL, '$2y$10$HLYhM79eWJzcESlnJ6vsu../fVv7eGNk8NVtPXYrD7rot2XA2MqUy', NULL, 'Psikolog', 'layn2345', '330610640796892', '2019-01-10', 'Laki-laki', 'cek', '089', '33061064079689.jpg', NULL, NULL, '', '2019-01-26 06:36:17', '2019-01-28 10:04:07', '2019-01-28 10:04:07'),
(75, 'afan', 'af@gmail.com', NULL, '$2y$10$vhopB.4X4aguqfoQGsVHMu2qpiZwVeC0wiu.d6nqbyWpC.p.3ixVe', NULL, 'Psikolog', 'afan123', '3306106407960089', '2019-01-04', 'Laki-laki', 'jk', '089', '3306106407960089.png', NULL, NULL, '', '2019-01-26 08:21:31', '2019-02-01 17:01:01', '2019-02-01 17:01:01'),
(77, 'afan', 'afan@gmail.com', NULL, '$2y$10$mBe/efErXc0MtTrlWuBiD.pKewvoKpT44LHNlpYVZHktlnCNa4Nfi', NULL, 'Psikolog', 'afan12345', '330610650796007', '2019-01-11', 'Laki-laki', 'Yk', '08989890', '330610650796007.png', NULL, NULL, '', '2019-01-26 08:23:47', '2019-02-01 17:01:12', '2019-02-01 17:01:12'),
(78, 'Alan  Dika Ananta', 'alan@gmail.com', NULL, '$2y$10$fcLqQyED9zysmb53V6PmvuR5Bl/lGsn/tlD9LaZ5DjmiUPV8g3m9e', NULL, 'Psikolog', 'alan1234', '3306107960000895', '2019-01-10', 'Laki-laki', 'Purworejo', '082298809090', '330610796000095.png', 'Tidak Aktif', NULL, '', '2019-01-26 09:09:16', '2019-03-28 10:22:19', NULL),
(79, 'Trias Nawang', 'haryy610@gmail.com', '2019-04-20 17:34:02', '$2y$10$ZN1O.OLKk1YqyF9Is53B6udfZYWicHoiRFx.K4vqCBdLLkkPSxqui', NULL, 'Klien', 'trias123', '3308999808099', '2002-04-21', 'Perempuan', 'Yogyakarta', '087898908697', '8581555850366.jpg', NULL, 'fz-355bce6A:APA91bG3YnPV5fLDWnssbJTfmX9mDJQ7f8F330n51VrijEcsP4N4Hqpoe6O-JMitCp8AMcj-ysROTph3OTmDQqU5JDUlsPdQOKJR-D0gEbrrF3A2In3BFQ9WPqYMIT0kAEH8UGbtCoLc', '', '2019-01-27 14:49:11', '2019-04-21 13:07:14', NULL),
(80, 'Hellen Fa', 'hellen@gmail.com', NULL, '$2y$10$fKvBNOcZuIr4Ch2swKHQgeCSU.omiuB2U94GAkNcyaUqQPwQZIFV2', NULL, 'Psikolog', 'hellen123', '33033908998099', '2019-01-03', 'Perempuan', 'Yogyakarta', '08989898989', '33033908998099.jpg', NULL, NULL, '', '2019-01-27 15:10:50', '2019-02-01 16:59:18', '2019-02-01 16:59:18'),
(82, 'Tara Adhisti', NULL, NULL, '$2y$10$4.rjQCuJUlBugt6IuAIigub2XE5mXDooQAvOuNWvR9z7LYwbl9E7m', NULL, 'Klien', NULL, NULL, '2019-01-10', 'Laki-laki', NULL, NULL, NULL, NULL, NULL, '', '2019-01-30 12:54:53', '2019-02-05 12:29:01', '2019-02-05 12:29:01'),
(83, 'Tara Adhisti', NULL, NULL, '$2y$10$LxYOuX40tkuMckOl162BFuEHB4P082uSyGXmhJogPVNZd5FZsnRQq', NULL, 'Klien', NULL, NULL, '2019-01-10', 'Laki-laki', NULL, NULL, NULL, NULL, NULL, '', '2019-01-30 12:56:49', '2019-01-30 13:59:52', '2019-01-30 13:59:52'),
(84, 'Herfiza', NULL, NULL, '$2y$10$Y.9dUJ9vcKp//JTaiyOzIeuo4XoTSqUaz89wKI4pzgm/cHG5/JX2e', NULL, 'Klien', NULL, NULL, '2019-01-03', 'Perempuan', NULL, NULL, NULL, NULL, NULL, '', '2019-01-30 12:57:51', '2019-02-05 12:28:52', '2019-02-05 12:28:52'),
(85, 'fila', NULL, NULL, '$2y$10$OC.cYdqt0FWDoV7Gv3eG9e1GC7Xyqt/qkjXJdeGTj1tqiVcttKJWq', NULL, 'Klien', NULL, NULL, '2019-01-03', 'Perempuan', NULL, NULL, NULL, NULL, NULL, '', '2019-01-30 13:00:08', '2019-02-05 12:29:21', '2019-02-05 12:29:21'),
(86, 'finda', NULL, NULL, '$2y$10$N42/bS/iwaw4mcC6vjcT7.WtZCyT2J8Zi97UecJXiM7LX9a0q0wHe', NULL, 'Klien', NULL, NULL, '2019-01-12', 'Perempuan', NULL, NULL, NULL, NULL, NULL, '', '2019-01-30 13:03:28', '2019-02-05 12:29:30', '2019-02-05 12:29:30'),
(87, 'Swastika Shafira', 'swastikaandini@gmail.com', '2019-04-21 00:00:00', '$2y$10$LrhHKC/zyThhBoN8tT3WE.jco2Up5KaG/cWFZL9wEp7r.P2p3astO', '384591', 'Klien', 'swastika123', '33089087990', '1995-04-22', 'Perempuan', 'Yogyakarta', '08980879080', '8741554614495.jpg', NULL, 'cTqfc8JVviM:APA91bF3e4UL548Efr22i6xmRiwt5x-Ptwudltt7wPfqiH_PqXhJMcu3Y0ZqoseqxZOprA1oWzB5JIMkH2qFlnABn9EJYqw1HcFN8jbPozqGSYBfNcQCPSX9sBggTvHyn72BTCNBvuQy', '', '2019-01-30 14:03:41', '2019-04-23 04:58:47', NULL),
(88, 'anita', NULL, NULL, '$2y$10$gdn5bB..HvdZ/tBj0zMZX.RjueJ6Q2p5eUxl/Q6vcg4Zo7TOTuYiu', NULL, 'Klien', NULL, NULL, '2019-02-07', 'Perempuan', NULL, NULL, NULL, NULL, NULL, '', '2019-02-02 10:34:01', '2019-02-05 12:29:12', '2019-02-05 12:29:12'),
(89, 'anita', NULL, NULL, '$2y$10$sKYN91CrVY97E79zKEeViery6ssZKS/jtoca3oloWV4Qqz2A0HnQC', NULL, 'Klien', NULL, NULL, '2019-02-07', 'Perempuan', NULL, NULL, NULL, NULL, NULL, '', '2019-02-02 10:47:36', '2019-02-05 12:28:32', '2019-02-05 12:28:32'),
(90, 'aaaaaa', NULL, NULL, '$2y$10$.R6TOdagQF8mlVM6qpXlQeiTkqv8Ioe92WxcyKc1a25RS7GgygDWC', NULL, 'Klien', NULL, NULL, '2019-02-16', 'Perempuan', NULL, NULL, NULL, NULL, NULL, '', '2019-02-02 10:55:44', '2019-02-05 12:28:10', '2019-02-05 12:28:10'),
(91, 'aaaaaa', NULL, NULL, '$2y$10$Aopi8ZSDaP019bJZGBmm.eQbqgY6YvAc3d7Cqlye5upJIbAi1QJwu', NULL, 'Klien', NULL, NULL, '2019-02-16', 'Perempuan', NULL, NULL, NULL, NULL, NULL, '', '2019-02-02 10:56:54', '2019-02-05 12:28:20', '2019-02-05 12:28:20'),
(92, 'nana', NULL, NULL, '$2y$10$Gwhzu/tr4BsLNudVjRfnG.gpD9688v21rVk0qncsRPy9/kV.Scfq2', NULL, 'Klien', NULL, NULL, '2019-02-08', 'Perempuan', NULL, NULL, NULL, NULL, NULL, '', '2019-02-02 11:16:04', '2019-02-05 12:28:43', '2019-02-05 12:28:43'),
(93, 'Ananda', NULL, NULL, '$2y$10$Vb2Gug/43TjVehkMCaPzy.NLa3TioTS3FaO0osuys/RPP2blUc6RW', NULL, 'Klien', NULL, NULL, NULL, NULL, NULL, NULL, NULL, NULL, NULL, '', '2019-02-05 12:23:09', '2019-02-05 12:27:53', '2019-02-05 12:27:53'),
(94, 'Ananda', NULL, NULL, '$2y$10$ZmybeL.8LmlMNtMssYe8nezW15C/bQoedaqv4tjc5CYW6Nq5ptfNq', NULL, 'Klien', NULL, NULL, '2019-02-08', 'Perempuan', NULL, NULL, NULL, NULL, NULL, '', '2019-02-05 12:23:38', '2019-02-05 12:28:00', '2019-02-05 12:28:00'),
(95, 'Hanindya', 'hanindya@mail.com', NULL, '$2y$10$EdbmObT.cgeqvEsTD615nubv9jukx9lrIx1aeIOju1.cNmnOIy7l.', NULL, 'Klien', '-', '20190903', '2019-02-07', 'Perempuan', '-', '089', '.jpg', NULL, NULL, '', '2019-02-05 13:26:37', '2019-02-06 06:13:35', '2019-02-06 06:13:35'),
(96, 'Hanindya', NULL, NULL, '$2y$10$x57xrjkrNGz1n2HbsqOyu.5m5PEQsf/OQV/9H/CwrJNscBYN.2buW', NULL, 'Klien', NULL, '3098029084082026', '2019-02-22', 'Perempuan', NULL, NULL, NULL, NULL, NULL, '', '2019-02-06 06:14:08', '2019-04-02 07:55:22', NULL),
(97, 'test', NULL, NULL, '$2y$10$k.svXXFvEc4CBKPOwnZmyO5sEXlsJk31eF9FJ5WjWzwFIKzrZGw0a', NULL, 'Klien', NULL, NULL, '2019-02-02', 'Perempuan', NULL, NULL, NULL, NULL, NULL, '', '2019-02-06 08:09:59', '2019-02-06 08:10:09', '2019-02-06 08:10:09'),
(98, 'Herfiza', 'admin6@gmail.com', NULL, '$2y$10$8.AbDfy4svT12.LBz4DCIeLlFQQDfDoI0NBulgWfluUSCZ9D7i1SC', NULL, 'Admin', 'danial1235', '45366', '2019-02-08', 'Perempuan', 'YYYYY', '544', '45366.jpg', NULL, NULL, '', '2019-02-06 08:15:38', '2019-02-06 08:15:47', '2019-02-06 08:15:47'),
(99, 'Anastasha Airi', 'nastashaa8@gmail.com', '2019-03-23 00:02:08', '$2y$10$GyrFSUEFHbjz52DZht5xWubAIYPAJahGJ8NLaeaUpTJAjFNqcZQea', NULL, 'Psikolog', 'anastasha123', '33081087990', '1997-04-22', 'Perempuan', 'Yogyakarta', '89808723414', '6741555863590.jpg', 'Aktif', 'dQJiAjX8yxo:APA91bFxhHCWg-_Ew7gdgbLfdRcySWvD2qTPsZ2z_eFFnqkLSd4Z-VfpHfVIe_9YJ4Hsg8OzkEji2QjZqOk51w8rdtjhIOhvzQVKcDo9549HE0lrBCxFb4RT7QwEbJ5b9utKPdIWmeXt', 'Approved', '2019-02-07 05:09:49', '2019-04-23 04:42:36', NULL),
(100, 'Afandi Erlangga', 'afandi@gmail.com', NULL, '$2y$10$B0vKC.DM10YKae0iqZdYF.42YSqBLkYz53CjJTsI2mf55660ZT4EC', NULL, 'Psikolog', 'afandi123', '3308909870080980', '1996-04-22', 'Laki-laki', 'Yogyakarta', '089989879879', '33089098700800.png', 'Aktif', NULL, 'Approved', '2019-02-09 07:34:44', '2019-11-01 18:36:42', '2019-11-01 18:36:42'),
(101, 'Anan Pratama', 'a@gmail.com', NULL, '$2y$10$UT6ciBOw/ip2s.bzdXmbiOmrIoSgB2SwGhf.niI.qXtgPwxWwRuLq', NULL, 'Psikolog', 'atest123', '3309080790728707', '2019-03-10', 'Laki-laki', 'Yogyakarta', '082798797800', '33090807907207.png', 'Aktif', '', '', '2019-02-09 07:38:50', '2019-04-09 16:11:31', NULL),
(102, 'Dan', 'dan@gmail.com', NULL, '$2y$10$De609P4xqks0.YE2nuy3Neb8LsG1vGMOxhPCbQ7WVXWUp/JbwBVTq', NULL, 'Psikolog', 'dan123', '330880802802838', '2019-02-20', 'Laki-laki', 'Yogyakarta', '089890800087', '330880802802838.png', NULL, NULL, '', '2019-02-09 09:56:36', '2019-03-10 16:50:54', '2019-03-10 16:50:54'),
(103, 'Nur Ardia', 'nurardia@gmail.com', NULL, '$2y$10$M3M1ZbgO28YrSMsiiiDYwuujB/azemQbay9XZ1fUgMOzaZriBL7Jm', NULL, 'Klien', 'nurardia123', '368002600499797', '1998-10-09', 'Perempuan', 'Yogyakarta', '089898987770', '368002600499797.png', NULL, NULL, '', '2019-02-09 10:22:25', '2019-03-10 16:41:09', NULL),
(104, 'Ardia', 'ardia@gmail.com', NULL, '$2y$10$tbvxdCMUZOWqPWY.PyvWDOH7K6w0kCbYPYczNqZwHFOviO2mv/8Y.', NULL, 'Admin', 'ardia123', '330908208480482', '2019-02-01', 'Perempuan', 'Yogyakarta', '089897998000', '330908208480482.png', NULL, NULL, '', '2019-02-10 11:50:01', '2019-02-19 15:28:14', '2019-02-19 15:28:14'),
(105, 'Amara', NULL, NULL, '$2y$10$FQADNJFx2J7J8JsYg0D5E.eIlx73s4NapbZ0kNsk6Ynjl0XShAV6u', NULL, 'Klien', NULL, NULL, '2000-10-02', 'Perempuan', NULL, NULL, NULL, NULL, NULL, '', '2019-02-14 12:37:34', '2019-02-15 13:59:26', '2019-02-15 13:59:26'),
(108, 'Ananta Dika', NULL, NULL, '$2y$10$I0OlOGrgQKzn7VTjf2x3ieCjciwmM3i/Wph35iIYO2nTmQViX184W', NULL, 'Klien', NULL, NULL, '2000-10-01', 'Laki-laki', NULL, NULL, NULL, NULL, NULL, '', '2019-02-14 13:00:30', '2019-02-23 10:15:47', '2019-02-23 10:15:47'),
(117, 'Afika Rahma', NULL, NULL, '$2y$10$RWy3BP.mnWzKTZKxfHeIlOvRh3q.XU3nwVVBqW8kgtZiIBZ3Hin9K', NULL, 'Klien', NULL, NULL, '2003-10-07', 'Perempuan', NULL, NULL, NULL, NULL, NULL, '', '2019-02-14 13:47:32', '2019-02-14 14:45:31', '2019-02-14 14:45:31'),
(118, 'Afika Rahma', NULL, NULL, '$2y$10$IU4HeM9kJec6hSHZg.qMx.LG2p.YaoG5RxLVjTeWgqXajM/YHrgJu', NULL, 'Klien', NULL, '354646758787689', '2003-10-01', 'Perempuan', NULL, NULL, NULL, NULL, NULL, '', '2019-02-14 14:21:20', '2019-04-04 20:28:31', NULL),
(119, 'Anastasha', 'anastasha@gmail.com', NULL, '$2y$10$WgeP9e7klBXxdrL1beAt5.luVOK8GiDt/HAALOC5L.btfGMEqVHxm', NULL, 'Psikolog', 'asha123', NULL, NULL, NULL, NULL, '089789876', NULL, NULL, NULL, '', '2019-02-14 14:23:31', '2019-02-14 14:26:56', '2019-02-14 14:26:56'),
(120, 'Mangifera', NULL, NULL, '$2y$10$pKhd6ZNS6NXYuibavFj1UOuAoHCBmoElBEd8pFexaxGrJ8g2n45V6', NULL, 'Klien', NULL, NULL, '2019-02-19', 'Perempuan', 'Medan', NULL, NULL, NULL, NULL, '', '2019-02-15 13:19:58', '2019-03-01 13:07:30', '2019-03-01 13:07:30'),
(122, 'Alika Rahma', NULL, NULL, '$2y$10$BeUMJCCjWj1Waajr8eOrxOFYDJsuAVm1P4nQdqBZd2l/Vhyiu5SZ2', NULL, 'Klien', NULL, NULL, '2003-10-01', 'Perempuan', NULL, NULL, NULL, NULL, NULL, '', '2019-02-16 13:30:31', '2019-02-17 17:03:54', '2019-02-17 17:03:54'),
(123, 'Nur Ardia', 'nurardia123@gmail.com', NULL, '$2y$10$/PtzMRqE.LdqjC/qJEm8D.pqKLQsJuhJv12wspyjhsrQNpwWuozJy', NULL, 'Klien', 'nurardia11234', '36800260499797', '1998-10-09', 'Perempuan', 'Yogyakarta', '08989898744', '7641550323906.gif', NULL, NULL, '', '2019-02-16 13:31:46', '2019-02-16 13:34:55', '2019-02-16 13:34:55'),
(124, 'Rianti', NULL, NULL, '$2y$10$0aiZX9saRWp855tF/ND7JOF5ihRkwy2NZ8zuQwNJ.5Y03Hab8vgpG', NULL, 'Klien', NULL, NULL, '2003-10-01', 'Perempuan', NULL, NULL, NULL, NULL, NULL, '', '2019-02-19 09:02:35', '2019-02-19 15:33:12', '2019-02-19 15:33:12'),
(125, 'Rianti', NULL, NULL, '$2y$10$ra4iNmlIYOcig0hqvaTqZuPhi5Xj/wuvCbvaZhIJ7J4hkveofjsH.', NULL, 'Klien', NULL, NULL, '2003-10-01', 'Perempuan', NULL, NULL, NULL, NULL, NULL, '', '2019-02-19 09:04:38', '2019-02-19 15:34:35', '2019-02-19 15:34:35'),
(126, 'Rianti', NULL, NULL, '$2y$10$a13zS7dAIn0cm5.8NBWSPuUsN4CCqO0i0usAuXP3leTjNqBUqZxe2', NULL, 'Klien', NULL, NULL, '2003-10-01', 'Perempuan', NULL, NULL, NULL, NULL, NULL, '', '2019-02-19 14:49:45', '2019-02-19 15:34:45', '2019-02-19 15:34:45'),
(127, 'Rianti', NULL, NULL, '$2y$10$NgKuIU0U2UBj01FjagDbseLoCCiZU8a.QD4IVMtZK8deAqVdd5Fs2', NULL, 'Klien', NULL, NULL, '2003-10-01', 'Perempuan', NULL, NULL, NULL, NULL, NULL, '', '2019-02-19 14:50:49', '2019-02-19 15:34:54', '2019-02-19 15:34:54'),
(128, 'Rianti', NULL, NULL, '$2y$10$747I74Chd2jplQw6gzALD.5TbOgKj1Y/MrN3wv50u0kMucx4SL64C', NULL, 'Klien', NULL, NULL, '2003-10-01', 'Perempuan', NULL, NULL, NULL, NULL, NULL, '', '2019-02-19 15:01:58', '2019-02-19 15:33:06', '2019-02-19 15:33:06'),
(129, 'Rianti', NULL, NULL, '$2y$10$uIyQtKhXgmzU0ktqXz/sPO.1nwD25OCudHEayFN1wpc3ep8PXIPOO', NULL, 'Klien', NULL, NULL, '2003-10-01', 'Perempuan', NULL, NULL, NULL, NULL, NULL, '', '2019-02-19 15:05:53', '2019-02-19 15:05:53', NULL),
(131, 'Nur Ardia', 'nurardia12734@gmail.com', NULL, '$2y$10$zE65xiq48Sile64vWFG2ruQoDk8Qx.PxmTC1DYUGk6cTp0.KAujiK', NULL, 'Klien', 'nurar', '36800260498797', '1998-10-09', 'Perempuan', 'Yogyakarta', '08989898744', '8001550588921.gif', NULL, NULL, '', '2019-02-19 15:08:41', '2019-02-19 15:08:41', NULL),
(133, 'Nur Ardia', 'nurnk@gmail.com', NULL, '$2y$10$LImbWJ7wbQ2oo.fijTTsSuie4momoYaByf.WKE0z6kvGpOZPJFYmC', NULL, 'Klien', 'nurardm', '368002604987', '1998-10-09', 'Perempuan', 'Yogyakarta', '08989898744', '6051550589132.gif', NULL, NULL, '', '2019-02-19 15:12:12', '2019-02-19 15:12:12', NULL),
(134, 'Renata', 'renata@gmail.com', NULL, '$2y$10$vjBI7nc6.zHQG62.An5HyOukqENdUA1y/bOjcwCvrzuxlcWZuSxFW', NULL, 'Admin', 'renata123', '3479282084804', '1997-06-10', 'Perempuan', 'Yogyakarta', '07898979080', '3479282084804.png', NULL, NULL, '', '2019-02-19 19:54:08', '2019-03-01 13:31:27', '2019-03-01 13:31:27'),
(135, 'via', 'via@gmail.com', NULL, '$2y$10$G8h.UfSDNE1HEepmrSKEVuR/1EV6YvClU2K7fqI1duaZXouMED2hm', NULL, 'Admin', 'via123', '89800709709', '2019-02-02', 'Perempuan', 'Yogyakarta', '089889800909', '89800709709.jpg', NULL, NULL, '', '2019-02-20 14:01:23', '2019-02-20 14:46:17', '2019-02-20 14:46:17'),
(136, 'cek', 'cek@gmail.com', NULL, '$2y$10$l8clgYLPdsHgNVGPmJBtLuE65Qfnb/7Ris2bNQvoRb3idzlk5TjKm', NULL, 'Admin', 'cek123', '89890', '2019-02-02', 'Perempuan', 'Yogya', '089', '89890.png', NULL, NULL, '', '2019-02-20 14:12:14', '2019-02-20 14:12:25', '2019-02-20 14:12:25'),
(137, 'sen', 'sen@gmail.com', NULL, '$2y$10$E3fP3SayUek0VKJ..V81duxJnV2fLBr2HGGouzf.q514htPTLA2a.', NULL, 'Admin', 'sen@gmail.com', '3338043975345', '1997-01-11', 'Perempuan', 'sen', '089808088', '3338043975345.jpg', NULL, NULL, '', '2019-02-20 14:48:44', '2019-02-20 14:50:45', '2019-02-20 14:50:45'),
(138, 'cek', 'cekcek@gmail.com', NULL, '$2y$10$lfnKtob6.BNRRQ2UtDdLE.YVBMBbWkmCkvTYFIOc0nuaGQmswqdqi', NULL, 'Admin', 'cekcek123', '526489741208378', '2019-03-13', 'Laki-laki', 'cek', '08988080008', '526489741208378.png', NULL, NULL, '', '2019-03-01 13:14:39', '2019-03-01 13:19:57', '2019-03-01 13:19:57'),
(139, 'testing', 'test123@gmail.com', NULL, '$2y$10$.JbQAVVtQ8D8XTZSmh4xlOPNYiLW/P7Ht8aKGNKBVOHD2AYB7onFC', NULL, 'Admin', 'test123', '792749740164094', '2019-03-13', 'Perempuan', 'test', '08988080090', '792749740164094.jpg', NULL, NULL, '', '2019-03-01 13:18:57', '2019-03-01 13:28:02', '2019-03-01 13:28:02'),
(140, 'Nana Dania', 'priharreformasi@gmail.com', NULL, '$2y$10$0jx.XeTDrG49opXZwWEWcelj8Q0v.wvpV/4sHSTnVRdRSE/QJTD1C', 'pirzGFkelIeeaMH1FbcaJpjQV8JwBJqitWo2wnhZJmSTx6BjuRPYia7B6hsN', 'Admin', 'nana123456', '33365876986867', '1996-04-18', 'Perempuan', 'Yogyakarta', '082988987659', '65876986867.jpg', NULL, NULL, '', '2019-03-01 13:19:42', '2019-04-03 05:44:32', NULL),
(141, 'vana', 'vana@gmail.com', NULL, '$2y$10$jVsAaGeZNqarN76Vqr858OFK4iBgdnsUhbH9e0oaQYoH5DG1aI95.', NULL, 'Admin', 'vana123', '648923642302', '2019-03-09', 'Perempuan', 'vana', '08979797978', '648923642302.jpg', NULL, NULL, '', '2019-03-01 13:21:44', '2019-03-01 13:27:10', '2019-03-01 13:27:10'),
(142, 'vila', 'vila@gmail.com', NULL, '$2y$10$/fgrly7feVPNHwBkGK3.gOlOxtlBA5ex59Yi05J3bEGAl0UbOwd9C', NULL, 'Admin', 'vila123456', '08988907097302', '2019-03-19', 'Perempuan', 'Yogyakarta', '80975068689', '08988907097302.jpg', NULL, NULL, '', '2019-03-01 13:34:18', '2019-03-04 13:02:37', '2019-03-04 13:02:37'),
(143, 'cekdelete', 'cekdelete@gmail.com', NULL, '$2y$10$KMChG4A/JHRKW7w2V/iGLOxDjYv0Tfi5pbmf9UZnOJ9G0NhTQGrFe', NULL, 'Admin', 'cek123hlkh', '984239846309', '2019-03-07', 'Laki-laki', 'jksfgk', '0898808090', '984239846309.png', NULL, NULL, '', '2019-03-01 13:37:56', '2019-03-01 13:38:04', '2019-03-01 13:38:04'),
(144, 'cekcekcek', 'cekcekcek@gmail.com', NULL, '$2y$10$MwivbI8iNllaBuwTON6BJ.U1vltEn4YE0MAcD8pBcNLcVhhAELt3a', NULL, 'Admin', 'cekcekcek', '743652598', '2019-03-14', 'Perempuan', 'gkjg', '089053759', '743652598.png', NULL, NULL, '', '2019-03-01 13:42:54', '2019-03-01 13:43:07', '2019-03-01 13:43:07'),
(145, 'tyas', 'tyas@gmail.com', NULL, '$2y$10$hr4YFVNQkACZheCkl6nX/eE3N8ovZqOeMvimwSozeqKfZuHnKvlHa', NULL, 'Admin', 'tyas123', '353673745798', '2019-03-21', 'Perempuan', 'cek', '689629390', '353673745798.jpg', NULL, NULL, '', '2019-03-03 04:41:11', '2019-03-03 05:58:39', '2019-03-03 05:58:39'),
(146, 'cek delete', 'cdel@gmail.com', NULL, '$2y$10$mtrmdKb7hCoD8cXOHTuFN.o3b4DTVoIBlabuY.OrKAx/CIlbzc4jC', NULL, 'Admin', 'cdel123', '578690980087989', '2019-03-16', 'Perempuan', 'yogyakarta', '08997969886', '578690980087989.jpg', NULL, NULL, '', '2019-03-03 06:26:58', '2019-03-04 12:53:29', '2019-03-04 12:53:29'),
(147, 'cekdel', 'cekd@gmail.com', NULL, '$2y$10$983FxwZCElDtiTfrzR7zZOUfSySLP.6kWAPxIar/1QApGx3jf1CFO', NULL, 'Admin', 'cekd123', '565786987097', '2019-03-16', 'Perempuan', 'Yogyakarta', '08998080909', '565786987097.jpg', NULL, NULL, '', '2019-03-04 13:04:11', '2019-03-04 13:06:18', '2019-03-04 13:06:18'),
(148, 'Vika Anastasha', 'vikazeze45@gmail.com', NULL, '$2y$10$eZLXByMnrB.qU93r9SCNmez6JQgG5R2xf8/bccfl4eyV/dTfMt4fq', NULL, 'Admin', 'vika123456', '3326298462099304', '1995-03-11', 'Perempuan', 'Sleman, Yogyakarta', '089798989895', '3326298462099304.jpg', NULL, NULL, '', '2019-03-04 13:09:04', '2019-04-21 09:09:24', NULL),
(149, 'M Ridwan Shalahudin', 'madypa252@gmail.com', NULL, '$2y$10$G0S2NJyTgueV0d.GrrVB0.37DkC0GIxJmwzTkpCCm1BaNYlFyisY.', '134835', 'Klien', 'mridwan', '3363786289986890', '1985-04-19', 'Laki-laki', 'Yogyakarta', '089983628989', '3363786289986890.png', NULL, 'd0R9r526PpA:APA91bFWjbF23I9-sTo-gig6TfrqwtXxrUvibRWh1ePXZrn7rC5cY7ZIkKzj6ldZYuwBQJ_MPvLT8v9OdYJzUeKQ6B8cnxIx4h8cAS7_AVqbtE4SjM7gaKTnrCqc7rRI_Vro00H1SfmR', '', '2019-03-07 04:57:11', '2019-04-20 16:54:03', NULL),
(150, 'Ningrum Kusuma', 'kusumaningrum067@gmail.com', NULL, '$2y$10$SWBgmdD57WPwRKkMRnZ5yucxriC4MOcvcTmdiPPEK.wQTZi/CG2qG', NULL, 'Klien', 'kusumaningrum', '3308765678769089', '1998-03-21', 'Perempuan', 'Purworejo', '089789666897', '1771555891415.jpg', NULL, 'eGESUIHAzz4:APA91bFCPCZp9ObnwK5C4Jyg58pDjK6Kw1mSAm7IDvxoxmjVV4nVaPAf_q1oWUjbTQWowN4dePokxHxZEa-tGbkAD_7zwo9mB0YW4G0GKfTac9ndLZjw3GJNFyX7rgsAB0-rLju2_vxx', '', '2019-03-09 02:23:41', '2019-04-22 00:03:35', NULL),
(151, 'testjk', 'te@gmail.com', NULL, '$2y$10$uhXYmNLsfcbEYBUUV9r6Qe8S42/V5/VXbftgdasF8gnBJbg3dG.re', NULL, 'Admin', 'tegjdshflk', '6875903', '2019-03-16', 'Perempuan', 'NDK', '0850380', '6875903.png', NULL, NULL, '', '2019-03-18 12:34:53', '2019-03-18 12:35:07', '2019-03-18 12:35:07'),
(152, 'Safara Dika', 'safara@gmail.com', NULL, '$2y$10$a.8rUyYgvpJUmtBxz3s/nOIBV6DdqrPGZMrYFMPdICXvz1t6CB.kG', NULL, 'Admin', 'safara123', '33902829383980', '1997-04-17', 'Laki-laki', 'Sendowa A46, Yogyakarta', '0897989809090', '33902829383980.png', NULL, NULL, '', '2019-03-25 06:44:49', '2019-04-21 09:16:29', NULL),
(153, 'Hapus', 'hapus@gmail.com', NULL, '$2y$10$4wY4b6B4rkKy9iVZMc4GS.FMQcvnA7it.QXxVC8UbJTSZ2A36yfI6', NULL, 'Admin', 'hapus123', '339080492802', '2019-03-16', 'Perempuan', 'hapus', '08988090909', '339080492802.png', NULL, NULL, '', '2019-03-25 06:47:48', '2019-03-25 06:48:00', '2019-03-25 06:48:00'),
(154, 'Fanda Sintia', 'fanda@gmail.com', NULL, '$2y$10$ECo3U1hIKN5eD1EP.AlPs.C.sM4PhZLyfSpGVtjfLGLu0aRBRL2b6', NULL, 'Klien', 'fanda123', '33082803840823', '2019-03-01', 'Perempuan', 'Yogyakarta', '089898989899', '33082803840823.png', NULL, NULL, '', '2019-03-25 06:56:01', '2019-03-25 06:56:59', NULL),
(155, 'cek klien', 'cekit@gmail.com', NULL, '$2y$10$hUZAuQG.5/HebWNyNTvwZeI7Huyr7wDDhJeYuZWhow8PTVmVDUFym', NULL, 'Klien', '08984384300', '4379027502502', '2019-03-08', 'Laki-laki', 'hlkkj', '08989374903', '4379027502502.png', NULL, NULL, '', '2019-03-25 07:00:38', '2019-03-25 13:09:47', '2019-03-25 13:09:47'),
(156, 'cekcekcekit', NULL, NULL, '$2y$10$TXG6X7L9/GualDFmF1L0LO4smVZ3ZCf.lztNU7EnGIcaNC/tVyg/i', NULL, 'Klien', NULL, '089899', '2019-03-20', 'Perempuan', 'gkjgkkj', '089898800', NULL, NULL, NULL, '', '2019-03-25 07:01:54', '2019-03-25 07:03:30', '2019-03-25 07:03:30'),
(157, 'cekcekcek', NULL, NULL, '$2y$10$f7k9vtCEL0Ifs7ahLeqnmeahWKeyLzM1KINxxwrT1aBOqB.tSr.UC', NULL, 'Klien', NULL, NULL, '2019-03-13', 'Perempuan', 'hjhk', '9890', NULL, NULL, NULL, '', '2019-03-25 07:03:18', '2019-03-25 13:10:05', '2019-03-25 13:10:05'),
(158, 'How to delete', 'vilac@gmail.com', NULL, '$2y$10$JLP9mV6KeB3vDEPEWWbNHOmzgZXafcvVFxhBG7VFvQq/nGp/F9OYO', NULL, 'Psikolog', 'vilaonk', '88990909990', '2019-03-16', 'Laki-laki', 'Yogyakarta', '088500', '88990909990.png', 'Aktif', NULL, '', '2019-03-25 09:08:59', '2019-03-25 09:12:26', '2019-03-25 09:12:26'),
(159, 'Trias A', 'trias123@gmail.com', NULL, '$2y$10$JbNr67By1s/gilRA2rKcE./9arVfOicDwCeQLmMBpsW3eyPNLPUrm', NULL, 'Psikolog', 'trias123456', '3337797920909', '2019-03-09', 'Perempuan', 'Yogyakarta', '0890879709', '3337797920909.png', NULL, NULL, '', '2019-03-26 09:09:09', '2019-03-26 09:09:09', NULL),
(160, 'Vania Larisa', 'larisa@gmail.com', NULL, '$2y$10$9mQ3w4Uinho4nMx8usJpSe46AHklcF01ZqajV1xYLk0oKh7y46yFi', NULL, 'Psikolog', 'larisa123', '353333328926923', '1990-03-09', 'Perempuan', 'Yogyakarta', '08988989989', '353333328926923.png', 'Aktif', NULL, '', '2019-03-30 16:33:03', '2019-04-06 08:42:03', NULL),
(161, 'Vina Larasati', 'vinal@gmail.com', NULL, '$2y$10$t/ejjF5YFwKgqvFF20BrluMC/21tKgFXBzBnRt9dGtQCaUrH0L70i', NULL, 'Psikolog', 'vinal123', '73502989812811', '1995-03-22', 'Perempuan', 'Yogyakarta', '089028928429', '73502989812811.png', 'Aktif', NULL, '', '2019-03-30 16:38:16', '2019-04-06 08:39:03', NULL),
(162, 'cekcek', 'CEK2@gmail.com', NULL, '$2y$10$EmE1Qzw/d6XM8hH5WUFqIeBMjCJ9Qg8txfswR6NcbvJpUwOeCY8Q6', NULL, 'Psikolog', 'cekekek', '79023', '2019-03-09', 'Laki-laki', 'lwks', '321', '79023.png', 'Aktif', NULL, 'Approved', '2019-03-30 16:49:16', '2019-04-10 17:26:12', '2019-04-10 17:26:12'),
(163, 'status', 'cecxhkhk@gmail.com', NULL, '$2y$10$YO85KQO3Hx4MzV/kZi04eeGl5B8p17LeGC/ww0/9Fp7cWmJaNUi9y', NULL, 'Psikolog', 'ditanaan', '452938862392', '2019-03-09', 'Perempuan', 'nlk', '08402279070', '452938862392.png', 'Aktif', NULL, '', '2019-03-30 16:55:22', '2019-03-30 17:30:44', '2019-03-30 17:30:44'),
(169, 'vilahlkjl', 'adasd@gmail.com', NULL, '$2y$10$NmhOVlI3pl4JeLcrATC1TOX4bHIDmyaCoiDABelL3cxSykTpa1V4C', NULL, 'Psikolog', 'ffdsdss', '244324333', '2019-04-12', 'Perempuan', 'ghsldkjfs;ljfs;l', '2133', NULL, 'Aktif', NULL, '', '2019-04-09 08:12:56', '2019-04-09 14:24:16', '2019-04-09 14:24:16'),
(170, 'bismillah', 'a@mail.com', NULL, '$2y$10$vTUFhjKPbOEH7BiqLXIdeusTo/mGqTnXFpkatZX7x0NTvCwfyYqke', NULL, 'Psikolog', 'vila123456dd', '4314', '2019-04-13', 'Perempuan', '3bdfs', '06410974190', NULL, 'Aktif', NULL, '', '2019-04-09 08:24:45', '2019-04-10 05:38:48', '2019-04-10 05:38:48'),
(171, 'Hanindya', 'as@gmail.com', NULL, '$2y$10$xT8DItWsUhobZxmteVUmfO7f5pGx5diiXp.V1wj1lw2j40qyyCmzq', NULL, 'Psikolog', 'daaa124142', '3212', '2019-04-20', 'Perempuan', 'sadwa', '123213', NULL, 'Aktif', NULL, '', '2019-04-09 08:26:51', '2019-04-09 08:26:51', NULL),
(186, 'Hanindyada', 'xxsd@gmail.com', NULL, '$2y$10$Y8LwXOm7ID/pOjF.EDcEEe6hoLPlropOeC.mBNv7cEpPPjZ6KVMMG', NULL, 'Psikolog', '1231213312333', '312132', '2019-04-13', 'Perempuan', '312s', '3211', NULL, 'Aktif', NULL, '', '2019-04-09 15:35:05', '2019-04-09 15:35:05', NULL),
(187, 'Swastika Shafira', 'fdsa@gmail.com', NULL, '$2y$10$EDn/J3nfossDvWjUYuea5Ow.kCajLHnOpR0edqtDuOGtkr7fzWjsy', NULL, 'Psikolog', 'hdaslkdjal;k', '4355352', '2019-04-20', 'Perempuan', 'fdgdgd', '53523', NULL, 'Aktif', NULL, '', '2019-04-09 15:41:29', '2019-04-09 15:41:29', NULL),
(188, 'Coba testing', 'coba@gmail.com', NULL, '$2y$10$PMyP3/lUz8bG9Xz4vVPRS.SaNgwBs2wvCt9Me7pO/Img7bF7/trhq', NULL, 'Admin', 'cobaya123', '1234565656768777', '1995-04-12', 'Perempuan', 'cek dong', '089880989787', '1234565656768786.png', NULL, NULL, NULL, '2019-04-10 12:00:48', '2019-04-10 12:03:49', '2019-04-10 12:03:49'),
(189, 'Cobain klien', 'klien@gmail.com', NULL, '$2y$10$i1EK0R6lFW/Z3rN484x0JuVVMbZdTbapUQXmeVGpfgQBVWAaRNmDu', NULL, 'Klien', '12324gfhfj', '2143675712817981', '1998-10-01', 'Perempuan', 'yogya', '08989879687', '2143675712817981.png', NULL, NULL, NULL, '2019-04-10 12:13:03', '2019-04-10 12:17:46', '2019-04-10 12:17:46'),
(190, 'tambah pendaftar', NULL, NULL, '$2y$10$Vpd/V5VM3xmXK9KmW5L71.49e10Z3riewyOO1eIku39CLBR06boZe', NULL, 'Klien', NULL, '798798797979', '1995-04-26', 'Perempuan', 'cek', '476587', NULL, NULL, NULL, NULL, '2019-04-10 12:42:34', '2019-04-20 07:11:25', '2019-04-20 07:11:25'),
(192, 'psikolog', 'psi@gmail.com', NULL, '$2y$10$p4gQRBQbJw84hqxapiaRhOwEfAi1MB1CTgRoJ8RdLu5QDadyAuyS6', NULL, 'Psikolog', 'psipsi', '1224536547', '2019-04-03', 'Laki-laki', 'yogyakarta', '087987987987', '1224536547.png', NULL, NULL, NULL, '2019-04-10 16:05:42', '2019-04-10 16:05:42', NULL),
(195, 'tes', 're@mail.com', NULL, '$2y$10$nA/vOZKeQSMEhKcPAizKGuoXK5wPJYRRgArobf9ypyPLX9T0WVA3C', NULL, 'Psikolog', 'eteyrugub', '5476479', '2019-04-11', 'Perempuan', 'jhlklk', '0823547657587', '5476479.png', 'Aktif', NULL, 'Approved', '2019-04-10 16:59:10', '2019-04-10 17:06:12', '2019-04-10 17:06:12'),
(196, 'admin satu', 'adminsatu@gmail.com', NULL, '$2y$10$rWuKXl7Hbwaq9EJMmHeq3.Ciu.PB7zrJOF9uNkPPErQQA3phw6lcy', NULL, 'Admin', 'adminsatu', '3467578669843920', '1997-10-08', 'Perempuan', 'Yogyakarta', '087687988009', '3467578669843920.png', NULL, NULL, NULL, '2019-04-11 04:28:26', '2019-04-20 07:41:09', '2019-04-20 07:41:09'),
(197, 'Naresh Biru', 'nareshbiru@gmail.com', NULL, '$2y$10$DftfMlGGhERpPKAkZbF6ju9SOsrjxGyF7js1ZbUxdos98IzYvXp4u', NULL, 'Admin', 'nareshbiru', '330842823048328', '1997-04-23', 'Perempuan', 'Sambeng, Lamongan, Jawa Timur', '085785063906', '12121212.gif', NULL, NULL, NULL, '2019-04-11 09:53:45', '2019-04-21 09:10:01', NULL),
(198, 'hlkas', 'jds@gmail.com', NULL, '$2y$10$HZRZvS788uwQsjqU9wlcB.W36hF0xjTWj16.wm5D44wornEzhW8AW', NULL, 'Psikolog', 'FSKJHFLKAF', '698', '2019-04-11', 'Perempuan', 'mdjsla', '78086987909', NULL, 'Aktif', NULL, 'Approved', '2019-04-12 16:23:38', '2019-04-15 15:39:00', '2019-04-15 15:39:00'),
(199, 'gjkhlkhl', 'gjhkj@gmail.com', NULL, '$2y$10$jJpn3Aj1SvHhE8EKjAJNQeLUvUH6Gb5fLrufE7gdHMPs0N64bThhC', NULL, 'Psikolog', 'gajksdgakjhdlsak', '698709790', '2019-04-29', 'Perempuan', 'kjhlj;ljl;', '5879890790', NULL, 'Aktif', NULL, 'Approved', '2019-04-12 16:25:09', '2019-04-20 07:36:42', '2019-04-20 07:36:42'),
(200, 'gfuewgo', 'asgh@gmail.com', NULL, '$2y$10$lGfugG4Z5UePn9yXEJvhneDnyejt5HXadYdZgbWDH.Ui8XVKQnXQW', NULL, 'Psikolog', 'tewrowqyrwoqpy', '6423709', '2019-04-18', 'Perempuan', 'gkhlkh;l', '6982368', NULL, 'Aktif', NULL, 'Approved', '2019-04-12 16:33:13', '2019-04-20 07:33:31', '2019-04-20 07:33:31'),
(201, 'astag', 'fff@gmail.com', NULL, '$2y$10$pzgMv/MH/MeJYlxr5OD5p.JkdJ0oJ9TtApqfN7ol6FIuMV9.u4QPm', NULL, 'Psikolog', '659823fejfkw', '65982369', '2019-04-03', 'Perempuan', 'bklasblk', '69070907', NULL, 'Aktif', NULL, 'Approved', '2019-04-12 16:39:44', '2019-04-20 07:36:28', '2019-04-20 07:36:28'),
(202, 'wehvdfknvdfnfdlkb hdfkslk', 'defbkjd@gmail.com', NULL, '$2y$10$oo23aj5bIrT3hHV32Poyl.murdtIJVrxvfByfzHf4kno9fCuY.zDW', NULL, 'Psikolog', 'vjkdskbfskablk', '548329857109693', '2019-04-17', 'Perempuan', 'gkjdgfsd9709', '587556986', NULL, 'Aktif', NULL, 'Approved', '2019-04-12 16:43:33', '2019-04-20 05:33:50', '2019-04-20 05:33:50'),
(203, 'cobayayayayyay', 'hlahfalk@gmail.com', NULL, '$2y$10$LTRMOlAudJ.o4e0lbe8TYOZGFHHcl11Y6yVizXQyg56uEM6ko2.RC', NULL, 'Psikolog', 'gaisbdsihf798', '57412631987309', '2019-04-17', 'Perempuan', 'khlkh;', '658923659169', 'images.png', 'Aktif', NULL, 'Approved', '2019-04-12 17:02:24', '2019-04-20 05:34:11', '2019-04-20 05:34:11'),
(204, 'putribawel', 'fbjksdN@gmail.com', NULL, '$2y$10$sUCItMYhBvcRS84PEl1eeOwiPlya5bh8178zOZgkf/uqNEqBatU42', NULL, 'Psikolog', 'bkjsdhgskldhls', '7358296516', '2019-04-09', 'Perempuan', 'gkjdglkas', '652836509', '7358296516.jpeg', 'Tidak Aktif', NULL, 'Not Approved', '2019-04-12 17:07:56', '2019-04-21 16:23:02', '2019-04-21 16:23:02'),
(207, 'Farida Ulfa', NULL, NULL, '$2y$10$yQbBgBzY0nEUN5jE0wgPO.hf.PgK18K/ArsyZd8FA2.Fx03nFdwE.', NULL, 'Klien', NULL, '3308133662860006', '1997-09-07', 'Perempuan', NULL, NULL, NULL, NULL, NULL, NULL, '2019-04-16 03:46:59', '2019-04-16 03:46:59', NULL),
(209, 'muhamad ady', 'madypa254@gmail.com', NULL, '$2y$10$6pslwmUonW84m1Sc1gTCQe7lXZ2l9qp8Oj2L.piLbcT9s1QC4YsR.', NULL, 'Klien', 'madypam', NULL, NULL, NULL, NULL, '081330646518', NULL, NULL, NULL, NULL, '2019-04-16 04:00:13', '2019-04-16 04:00:13', NULL),
(210, 'muhamad ady', 'madypa258@gmail.com', NULL, '$2y$10$4.p6SdpgAnKIAE35Ddtt/uQVshbRypPg30rjD6zOWGk3NWy1VeYl.', NULL, 'Klien', 'muhadyp', NULL, NULL, NULL, NULL, '081330646511', NULL, NULL, NULL, NULL, '2019-04-16 04:00:48', '2019-04-16 04:00:48', NULL),
(211, 'Muhamad Ady', 'adylaz252@gmail.com', NULL, '$2y$10$7Igboo81JwblWkmHiYD8xu5/0Px0gMVS60Ql9wPJAr8COFAVBwpP.', NULL, 'Klien', 'madypam23', NULL, NULL, NULL, NULL, '+6285640965041', NULL, NULL, NULL, NULL, '2019-04-16 04:03:25', '2019-04-16 04:03:25', NULL),
(212, 'Sintia Lasa', 'Lasa@mail.com', NULL, '$2y$10$9zkahOvXO92WsSm1e/7Rm.TtUhNhhBuImcSeHdIb48ioaP5cBoA46', NULL, 'Admin', 'Lasa123', '33089808009090', '1998-04-20', 'Perempuan', 'Yogyakarta', '089562345562', 'images.png', NULL, NULL, NULL, '2019-04-20 03:16:23', '2019-04-20 16:20:01', '2019-04-20 16:20:01'),
(213, 'Sahara Larasati', 'sahara@gmail.com', NULL, '$2y$10$XEYnNXjCfjpmKkkF1UxPhuqVPxFC7ShMi/UGnMrIwlaE63WGsKmLS', NULL, 'Psikolog', 'sahara123', NULL, NULL, NULL, NULL, '082232059601', NULL, 'Tidak Aktif', 'de94RrMo944:APA91bGN-LlVxBod6DcVoB1-ZkcZd3PFqa-fGvVuQW7_VjJrC7AkoUJsHwt9GMGfkNED_PeeSktqdRd5vxkIDqeXwg8v4WvTruXcGwrAVVVGHW20JGdpSfXHzDDvFK_1k1wxeLQPYFIl', 'Not Approved', '2019-04-20 12:02:29', '2019-04-20 12:02:59', NULL),
(214, 'Shania Dyta', 'meet.psy@gmail.com', '2019-04-20 00:00:00', '$2y$10$muxofH5cYWCx4abgHnhX1exoEdh0ZuII2ri8I8ZKl5F8qntg3/w9i', NULL, 'Psikolog', 'shania123', '33059625836549', '1996-04-17', 'Perempuan', 'Yogyakarta', '082232059601', NULL, 'Aktif', 'd_7jZgOmQzw:APA91bHeSGN6kkqtSoz5onVE-_Xw-Xya18K9XV-lljVNT0DUSoHbD6gGKIbyaTVgf4kfb1F4GrP2ZwlgalWp0P-bAbHqbg3V_kfVUU9p8qyW395H6Vxo6ojatyh-we1ir43V3tKM0DyJ', 'Approved', '2019-04-20 12:13:44', '2019-04-20 13:03:49', NULL),
(215, 'Dian Rahmawati', 'meet.psy.ukp.ugm@gmail.com', '2019-04-20 19:26:16', '$2y$10$sd4oC0HjuZMDD1ZwOqpeiOKzTxNfrlI61h90xNlc.NQpj5ZTO4YX6', NULL, 'Klien', 'dian123', '330325658328369', '1998-08-15', 'Perempuan', 'Yogyakarta', '089080898989', '330325658328369.png', NULL, 'eGESUIHAzz4:APA91bFCPCZp9ObnwK5C4Jyg58pDjK6Kw1mSAm7IDvxoxmjVV4nVaPAf_q1oWUjbTQWowN4dePokxHxZEa-tGbkAD_7zwo9mB0YW4G0GKfTac9ndLZjw3GJNFyX7rgsAB0-rLju2_vxx', NULL, '2019-04-20 12:23:02', '2019-04-21 10:20:29', NULL),
(216, 'Dika Pratama', NULL, NULL, '$2y$10$DfXb2DsPpTfLj9lCvX77qurkUfawa/R9WhaWoR7HmjFlYRk5vcYSi', NULL, 'Klien', NULL, '389804549464946', '2001-06-23', 'Laki-laki', NULL, NULL, NULL, NULL, NULL, NULL, '2019-04-21 07:40:27', '2019-04-21 07:40:27', NULL),
(217, 'Siti Kusnari', 'haryy611@gmail.com', NULL, '$2y$10$jdNboXPyw73ZBbUjyG2Ci.TVLYc4AU4ltcNEFjEYb50.zNJDo3uU6', NULL, 'Klien', 'siti', '3308999808082', '2019-05-03', 'Perempuan', 'Yogyakarta', '089898987770', 'images.png', NULL, NULL, NULL, '2019-04-21 07:57:23', '2019-04-21 08:29:52', NULL),
(218, 'Anandanto', 'anan@gmail.com', NULL, '$2y$10$TFown8GIxAnC/OV2vpR5eOiNnd/xrM2s7JvTj5KvWeX.1cqpdmkmK', NULL, 'Klien', 'anan123', '33028024837420', '1999-01-05', 'Laki-laki', 'Wonosobo', '08980809999', 'images.png', NULL, NULL, NULL, '2019-04-21 10:18:15', '2019-04-21 10:18:15', NULL),
(219, 'Layndo', 'lay.mail.ccount@gmail.com', NULL, '$2y$10$PJ8mx8sajtgC3aA7rh1LQe.rjmjow5lfPTXeusKZtqUJJgEc0tAOS', NULL, 'Admin', 'Lay', '38', '2019-04-11', 'Laki-laki', 'Bbs', '082131649764', 'images.png', NULL, NULL, NULL, '2019-04-21 10:49:28', '2019-04-21 14:26:36', '2019-04-21 14:26:36'),
(220, 'Adelia Jasmine Nichole', 'nurardiar@gmail.com', NULL, '$2y$10$MsAUNa5n0kU6kI0YfGHRE.2yU/W1pSLwy.n8t8JGyA6fKtzB36exO', NULL, 'Klien', 'ardiarahma', '3278085606979974', '1998-06-16', 'Perempuan', 'Tasikmalaya, Jawa Barat', '082218193407', '3278085606980007.jpg', NULL, NULL, NULL, '2019-04-21 11:39:23', '2019-04-21 11:46:39', NULL),
(221, 'Salsabilatika', NULL, NULL, '$2y$10$FlwnAQPQlmKQnm92ofpfPOvdP8O62a0ceAXJBla4SnudxIwAhv7uG', NULL, 'Klien', NULL, '327808091092002', '1992-10-09', 'Laki-laki', 'Bandung', '089876543678', NULL, NULL, NULL, NULL, '2019-04-21 11:41:23', '2019-04-21 16:41:55', NULL),
(222, 'Rieza Enggar', NULL, NULL, '$2y$10$Ag2TIpznnKr/3u4tIKLq4.lSUwcM9mJNJ/WgMimCQju9upFwWRHMy', NULL, 'Klien', NULL, '330009812980002', '1998-04-28', 'Perempuan', NULL, NULL, NULL, NULL, NULL, NULL, '2019-04-21 11:44:50', '2019-04-21 11:44:50', NULL),
(223, 'bijipisang', 'admin@k-jur.com', NULL, '$2y$10$DYGJCFmO81Ilom0NnTjplOHxGlYEPk9GGMQiEOSzTEEXXdlwgSyi2', NULL, 'Klien', 'bijipisang', '3234567890987998', '2019-04-16', 'Laki-laki', 'Bandung', '082345678909', 'images.png', NULL, NULL, NULL, '2019-04-21 11:45:48', '2019-04-21 11:46:09', '2019-04-21 11:46:09'),
(224, 'sayur', 'pisang@gmail.com', NULL, '$2y$10$Hp24E1EpJLCD5LuupGQdEuzFLjLBSrt7cYaE94QpZG3whVFFzJHfe', NULL, 'Psikolog', 'pisangkuenak', '11234567890', '2019-04-01', 'Perempuan', 'Sleman', '089888776669', '11234567890.jpg', 'Aktif', NULL, 'Approved', '2019-04-21 11:49:46', '2019-04-21 11:51:30', '2019-04-21 11:51:30'),
(225, 'tyas', 'tyaskartika165@gmail.com', NULL, '$2y$10$RzUHwPhPgqsWo7G/p9I6we6P6mg2Edn8g2eFL.Ri4ZllSbmNjcbY2', NULL, 'Psikolog', 'kartikatss', NULL, NULL, NULL, NULL, '085743384528', NULL, 'Tidak Aktif', 'eIyXidfHQy4:APA91bFNIsjUEdDNNiUakXhbZ237FThRcbG9mssfPYdPXrVK31W4mtEMouFzcPMY8kFxZdBPf-F74yOihkuCFigezjH-MaJviiIHkH4A3olrH4yRrQVFBScI_ZpMXZZD-c6950i4NXSH', 'Not Approved', '2019-04-21 16:03:14', '2019-04-21 16:03:32', NULL),
(226, 'tyas', 'tiyas_lv@rocketmail.com', '2019-04-21 23:14:41', '$2y$10$9CpHrf1SPUd6CbVqrpRBHeoIm0ro1nZvUkOZrPYOxw3174M32rtmG', NULL, 'Klien', 'tyas24', NULL, NULL, NULL, NULL, '+6285743384525', NULL, NULL, 'dnDkx2z2kZE:APA91bHTrsytE-t56Oqsp5eVuxViQpb9pKyeEJAO1KkDyV2ifCvnePnokakpPQ244ZmZ8VrcXuDpCLLGgE3dd1bRqEKYKEuGAAx1vq25CEOX8Nwgq04p60g7RA_FRcOkH2xqc4ZanI5m', NULL, '2019-04-21 16:12:17', '2019-04-21 16:14:41', NULL),
(227, 'Hellen Fatima', 'hellenfa123@gmail.com', NULL, '$2y$10$.7QRfOf3Gt.p9Rqs.kWovuIFHXYvAzMIzW1IfOZ5JFpREgvx1J8VS', NULL, 'Psikolog', 'hellenfa123', '3378089089889', '1996-10-10', 'Perempuan', 'Yogyakarta', '08980876787', '2231555889524.jpg', 'Aktif', NULL, 'Approved', '2019-04-21 16:14:55', '2019-04-21 23:37:04', NULL),
(228, 'Riyang Gaetama', 'riyang@gmail.com', NULL, '$2y$10$VPBcf17NQWlvxn.vN8poUeff6OXff.9fkkxG77Te7khBE27oMuulm', NULL, 'Klien', 'riyang123', '3308908799067', '1998-11-01', 'Laki-laki', 'Yogyakarta', '08989879080', NULL, NULL, NULL, NULL, '2019-04-21 16:37:56', '2019-04-21 16:41:08', NULL),
(229, 'Ridwan Hanif', 'adylaz254@gmail.com', '2019-04-23 00:02:08', '$2y$10$h/McjYnrQu4YhAhrqDrVoOold0viVyh.ec..aQapX.Qf7cIRp9OS2', '166181', 'Klien', 'rhanif28', '3318640001524680', '1989-04-22', 'Laki-laki', 'Magelang kota', '+62856409650482', '6511555937558.jpg', NULL, 'c1e94akm4aQ:APA91bH-EVzDzR691vyonCE988rjw3O3GkRaLrBam2w93thVaiEeEPgZWxaj3i1AL18VlMa-bSzHJqwfdT29NDzjD32z4IKmw2GV9GDGcic-tIYJP1ZrbrLuVf49PX_rhZuWIkmwBCnx', NULL, '2019-04-21 18:09:19', '2019-04-22 12:52:38', NULL),
(230, 'Kirana', NULL, NULL, '$2y$10$cmE01.cviGUbzAgvVVliAuUdkWBFzrkPKpgpxj0XIgrvzFjAx20ka', NULL, 'Klien', NULL, '33309564646562', '2000-02-20', 'Perempuan', NULL, NULL, NULL, NULL, NULL, NULL, '2019-04-21 23:10:06', '2019-04-21 23:10:06', NULL),
(231, 'Rizky Muzaki', NULL, NULL, '$2y$10$5zsLlGNv6U3d74YAGOrs0ebEi1UqckNDyHSzFsas9yffTprvSuUrG', NULL, 'Klien', NULL, '3308166021304600005', '1990-04-25', 'Laki-laki', NULL, NULL, NULL, NULL, NULL, NULL, '2019-04-21 23:18:37', '2019-04-21 23:18:37', NULL),
(232, 'Berlianita', 'nita@gmail.com', NULL, '$2y$10$/h9VMTxlII.z5Far86tmUulk3Y8AqtSK8SeQE8xSshli4J0n4i3Bu', NULL, 'Klien', 'nita123', '3587329831000979', '1998-04-10', 'Perempuan', 'Yogtakarta', '0870658075990', 'images.png', NULL, NULL, NULL, '2019-04-22 02:34:26', '2019-04-22 02:34:26', NULL),
(233, 'klien', 'klien12@gmail.com', NULL, '$2y$10$DjyceQBBz3yhgJGGFMUAj.pXqJVYFi9yGTaFdziXHKDRHFpU0IZnS', NULL, 'Klien', 'klien', NULL, NULL, NULL, NULL, '08976557887', NULL, NULL, NULL, NULL, '2019-11-01 16:13:25', '2019-11-01 16:13:25', NULL),
(234, 'psikolog', 'psikolog@gmail.com', NULL, '$2y$10$3rOJFBYIsHLLTqY.EtuUouqPtnUOnf1n.PI7uAFWxb2lFdsVbeFnS', NULL, 'Psikolog', 'psikolog', NULL, NULL, NULL, NULL, '0899998888', NULL, 'Aktif', NULL, 'Approved', '2019-11-11 18:29:13', '2019-11-11 18:29:13', NULL);

--
-- Indexes for dumped tables
--

--
-- Indexes for table `asesmen_charge`
--
ALTER TABLE `asesmen_charge`
  ADD PRIMARY KEY (`id`),
  ADD KEY `layanan_id` (`layanan_id`);

--
-- Indexes for table `jadwal`
--
ALTER TABLE `jadwal`
  ADD PRIMARY KEY (`id`),
  ADD KEY `klien_id` (`klien_id`),
  ADD KEY `layanan_id` (`layanan_id`),
  ADD KEY `ruangan_id` (`ruangan_id`),
  ADD KEY `jadwal_ibfk_1` (`psikolog_id`),
  ADD KEY `sesi_id` (`sesi_id`),
  ADD KEY `status_id` (`status_id`);

--
-- Indexes for table `kategori_klien`
--
ALTER TABLE `kategori_klien`
  ADD PRIMARY KEY (`id`);

--
-- Indexes for table `klien`
--
ALTER TABLE `klien`
  ADD PRIMARY KEY (`id`),
  ADD KEY `klien_ibfk_1` (`user_id`),
  ADD KEY `kategori_id` (`kategori_id`);

--
-- Indexes for table `layanan`
--
ALTER TABLE `layanan`
  ADD PRIMARY KEY (`id`);

--
-- Indexes for table `layanan_psikolog`
--
ALTER TABLE `layanan_psikolog`
  ADD PRIMARY KEY (`id`),
  ADD KEY `fk_layanan_psikolog_psikolog` (`psikolog_id`),
  ADD KEY `fk_layanan_psikolog_layanan` (`layanan_id`);

--
-- Indexes for table `migrations`
--
ALTER TABLE `migrations`
  ADD PRIMARY KEY (`id`);

--
-- Indexes for table `oauth_access_tokens`
--
ALTER TABLE `oauth_access_tokens`
  ADD PRIMARY KEY (`id`),
  ADD KEY `oauth_access_tokens_user_id_index` (`user_id`);

--
-- Indexes for table `oauth_auth_codes`
--
ALTER TABLE `oauth_auth_codes`
  ADD PRIMARY KEY (`id`);

--
-- Indexes for table `oauth_clients`
--
ALTER TABLE `oauth_clients`
  ADD PRIMARY KEY (`id`),
  ADD KEY `oauth_clients_user_id_index` (`user_id`);

--
-- Indexes for table `oauth_personal_access_clients`
--
ALTER TABLE `oauth_personal_access_clients`
  ADD PRIMARY KEY (`id`),
  ADD KEY `oauth_personal_access_clients_client_id_index` (`client_id`);

--
-- Indexes for table `oauth_refresh_tokens`
--
ALTER TABLE `oauth_refresh_tokens`
  ADD PRIMARY KEY (`id`),
  ADD KEY `oauth_refresh_tokens_access_token_id_index` (`access_token_id`);

--
-- Indexes for table `password_resets`
--
ALTER TABLE `password_resets`
  ADD UNIQUE KEY `email` (`email`);

--
-- Indexes for table `pesan`
--
ALTER TABLE `pesan`
  ADD PRIMARY KEY (`id`);

--
-- Indexes for table `pesan_user`
--
ALTER TABLE `pesan_user`
  ADD PRIMARY KEY (`id`),
  ADD KEY `user_id` (`user_id`),
  ADD KEY `pesan_id` (`pesan_id`);

--
-- Indexes for table `psikolog`
--
ALTER TABLE `psikolog`
  ADD PRIMARY KEY (`id`),
  ADD KEY `user_id` (`user_id`);

--
-- Indexes for table `ruangan`
--
ALTER TABLE `ruangan`
  ADD PRIMARY KEY (`id`),
  ADD KEY `layanan_id` (`layanan_id`);

--
-- Indexes for table `sesi`
--
ALTER TABLE `sesi`
  ADD PRIMARY KEY (`id`),
  ADD KEY `layanan_id` (`layanan_id`);

--
-- Indexes for table `status`
--
ALTER TABLE `status`
  ADD PRIMARY KEY (`id`);

--
-- Indexes for table `transaksi`
--
ALTER TABLE `transaksi`
  ADD PRIMARY KEY (`id`),
  ADD KEY `jadwal_id` (`jadwal_id`);

--
-- Indexes for table `transaksi_asesmen`
--
ALTER TABLE `transaksi_asesmen`
  ADD PRIMARY KEY (`id`),
  ADD KEY `transaksi_id` (`transaksi_id`),
  ADD KEY `asesmen_id` (`asesmen_id`);

--
-- Indexes for table `users`
--
ALTER TABLE `users`
  ADD PRIMARY KEY (`id`),
  ADD UNIQUE KEY `users_email_unique` (`email`),
  ADD UNIQUE KEY `username` (`username`),
  ADD UNIQUE KEY `nik` (`nik`);

--
-- AUTO_INCREMENT for dumped tables
--

--
-- AUTO_INCREMENT for table `asesmen_charge`
--
ALTER TABLE `asesmen_charge`
  MODIFY `id` int(11) NOT NULL AUTO_INCREMENT;

--
-- AUTO_INCREMENT for table `jadwal`
--
ALTER TABLE `jadwal`
  MODIFY `id` int(11) NOT NULL AUTO_INCREMENT, AUTO_INCREMENT=213;

--
-- AUTO_INCREMENT for table `kategori_klien`
--
ALTER TABLE `kategori_klien`
  MODIFY `id` int(11) NOT NULL AUTO_INCREMENT, AUTO_INCREMENT=12;

--
-- AUTO_INCREMENT for table `klien`
--
ALTER TABLE `klien`
  MODIFY `id` int(11) NOT NULL AUTO_INCREMENT, AUTO_INCREMENT=73;

--
-- AUTO_INCREMENT for table `layanan`
--
ALTER TABLE `layanan`
  MODIFY `id` int(11) NOT NULL AUTO_INCREMENT, AUTO_INCREMENT=59;

--
-- AUTO_INCREMENT for table `layanan_psikolog`
--
ALTER TABLE `layanan_psikolog`
  MODIFY `id` int(11) NOT NULL AUTO_INCREMENT, AUTO_INCREMENT=134;

--
-- AUTO_INCREMENT for table `migrations`
--
ALTER TABLE `migrations`
  MODIFY `id` int(10) UNSIGNED NOT NULL AUTO_INCREMENT, AUTO_INCREMENT=22;

--
-- AUTO_INCREMENT for table `oauth_clients`
--
ALTER TABLE `oauth_clients`
  MODIFY `id` int(10) UNSIGNED NOT NULL AUTO_INCREMENT, AUTO_INCREMENT=3;

--
-- AUTO_INCREMENT for table `oauth_personal_access_clients`
--
ALTER TABLE `oauth_personal_access_clients`
  MODIFY `id` int(10) UNSIGNED NOT NULL AUTO_INCREMENT, AUTO_INCREMENT=2;

--
-- AUTO_INCREMENT for table `pesan`
--
ALTER TABLE `pesan`
  MODIFY `id` int(11) NOT NULL AUTO_INCREMENT, AUTO_INCREMENT=55;

--
-- AUTO_INCREMENT for table `pesan_user`
--
ALTER TABLE `pesan_user`
  MODIFY `id` int(11) NOT NULL AUTO_INCREMENT, AUTO_INCREMENT=205;

--
-- AUTO_INCREMENT for table `psikolog`
--
ALTER TABLE `psikolog`
  MODIFY `id` int(11) NOT NULL AUTO_INCREMENT, AUTO_INCREMENT=80;

--
-- AUTO_INCREMENT for table `ruangan`
--
ALTER TABLE `ruangan`
  MODIFY `id` int(11) NOT NULL AUTO_INCREMENT, AUTO_INCREMENT=36;

--
-- AUTO_INCREMENT for table `sesi`
--
ALTER TABLE `sesi`
  MODIFY `id` int(11) NOT NULL AUTO_INCREMENT, AUTO_INCREMENT=28;

--
-- AUTO_INCREMENT for table `status`
--
ALTER TABLE `status`
  MODIFY `id` int(11) NOT NULL AUTO_INCREMENT, AUTO_INCREMENT=37;

--
-- AUTO_INCREMENT for table `transaksi`
--
ALTER TABLE `transaksi`
  MODIFY `id` int(11) NOT NULL AUTO_INCREMENT;

--
-- AUTO_INCREMENT for table `transaksi_asesmen`
--
ALTER TABLE `transaksi_asesmen`
  MODIFY `id` int(11) NOT NULL AUTO_INCREMENT;

--
-- AUTO_INCREMENT for table `users`
--
ALTER TABLE `users`
  MODIFY `id` int(10) UNSIGNED NOT NULL AUTO_INCREMENT, AUTO_INCREMENT=235;

--
-- Constraints for dumped tables
--

--
-- Constraints for table `asesmen_charge`
--
ALTER TABLE `asesmen_charge`
  ADD CONSTRAINT `asesmen_charge_ibfk_1` FOREIGN KEY (`layanan_id`) REFERENCES `layanan` (`id`) ON DELETE CASCADE ON UPDATE CASCADE;

--
-- Constraints for table `jadwal`
--
ALTER TABLE `jadwal`
  ADD CONSTRAINT `jadwal_ibfk_1` FOREIGN KEY (`psikolog_id`) REFERENCES `psikolog` (`id`) ON DELETE CASCADE ON UPDATE CASCADE,
  ADD CONSTRAINT `jadwal_ibfk_2` FOREIGN KEY (`layanan_id`) REFERENCES `layanan` (`id`) ON DELETE CASCADE ON UPDATE CASCADE,
  ADD CONSTRAINT `jadwal_ibfk_4` FOREIGN KEY (`ruangan_id`) REFERENCES `ruangan` (`id`) ON DELETE CASCADE ON UPDATE CASCADE,
  ADD CONSTRAINT `jadwal_ibfk_5` FOREIGN KEY (`sesi_id`) REFERENCES `sesi` (`id`) ON DELETE CASCADE ON UPDATE CASCADE,
  ADD CONSTRAINT `jadwal_ibfk_6` FOREIGN KEY (`status_id`) REFERENCES `status` (`id`) ON DELETE CASCADE ON UPDATE CASCADE;

--
-- Constraints for table `klien`
--
ALTER TABLE `klien`
  ADD CONSTRAINT `klien_ibfk_1` FOREIGN KEY (`user_id`) REFERENCES `users` (`id`) ON DELETE CASCADE ON UPDATE CASCADE,
  ADD CONSTRAINT `klien_ibfk_2` FOREIGN KEY (`kategori_id`) REFERENCES `kategori_klien` (`id`) ON DELETE CASCADE ON UPDATE CASCADE;

--
-- Constraints for table `layanan_psikolog`
--
ALTER TABLE `layanan_psikolog`
  ADD CONSTRAINT `fk_layanan_psikolog_layanan` FOREIGN KEY (`layanan_id`) REFERENCES `layanan` (`id`) ON DELETE CASCADE ON UPDATE CASCADE,
  ADD CONSTRAINT `fk_layanan_psikolog_psikolog` FOREIGN KEY (`psikolog_id`) REFERENCES `psikolog` (`id`) ON DELETE CASCADE ON UPDATE CASCADE;

--
-- Constraints for table `pesan_user`
--
ALTER TABLE `pesan_user`
  ADD CONSTRAINT `pesan_user_ibfk_1` FOREIGN KEY (`user_id`) REFERENCES `users` (`id`) ON DELETE CASCADE ON UPDATE CASCADE,
  ADD CONSTRAINT `pesan_user_ibfk_2` FOREIGN KEY (`pesan_id`) REFERENCES `pesan` (`id`) ON DELETE CASCADE ON UPDATE CASCADE;

--
-- Constraints for table `psikolog`
--
ALTER TABLE `psikolog`
  ADD CONSTRAINT `psikolog_ibfk_2` FOREIGN KEY (`user_id`) REFERENCES `users` (`id`) ON DELETE CASCADE ON UPDATE CASCADE;

--
-- Constraints for table `ruangan`
--
ALTER TABLE `ruangan`
  ADD CONSTRAINT `ruangan_ibfk_1` FOREIGN KEY (`layanan_id`) REFERENCES `layanan` (`id`);

--
-- Constraints for table `sesi`
--
ALTER TABLE `sesi`
  ADD CONSTRAINT `sesi_ibfk_1` FOREIGN KEY (`layanan_id`) REFERENCES `layanan` (`id`) ON DELETE CASCADE ON UPDATE CASCADE;

--
-- Constraints for table `transaksi`
--
ALTER TABLE `transaksi`
  ADD CONSTRAINT `transaksi_ibfk_1` FOREIGN KEY (`jadwal_id`) REFERENCES `jadwal` (`id`) ON DELETE CASCADE ON UPDATE CASCADE;

--
-- Constraints for table `transaksi_asesmen`
--
ALTER TABLE `transaksi_asesmen`
  ADD CONSTRAINT `transaksi_asesmen_ibfk_1` FOREIGN KEY (`transaksi_id`) REFERENCES `transaksi` (`id`) ON DELETE CASCADE ON UPDATE CASCADE,
  ADD CONSTRAINT `transaksi_asesmen_ibfk_2` FOREIGN KEY (`asesmen_id`) REFERENCES `asesmen_charge` (`id`) ON DELETE CASCADE ON UPDATE CASCADE;
COMMIT;

/*!40101 SET CHARACTER_SET_CLIENT=@OLD_CHARACTER_SET_CLIENT */;
/*!40101 SET CHARACTER_SET_RESULTS=@OLD_CHARACTER_SET_RESULTS */;
/*!40101 SET COLLATION_CONNECTION=@OLD_COLLATION_CONNECTION */;
